timestamp,kf_global_x,kf_global_y,gt_tb3_x,gt_tb3_y,gt_tb1_x,gt_tb1_y
1773333204.3608093,-0.656584428462326,0.42208193427631574,-0.6360083818435669,0.3982481062412262,0.006002940237522125,0.010457534343004227
1773333204.51722,-0.638607190855285,0.4235582202586831,-0.6360936760902405,0.3982822000980377,0.00601920485496521,0.010457022115588188
1773333204.9172053,-0.629043099776598,0.42603999541015825,-0.6360968351364136,0.39828863739967346,0.006016034632921219,0.010459475219249725
1773333205.3351738,-0.6265660109242832,0.43069088241535664,-0.6360929012298584,0.3982797861099243,0.006014347076416016,0.01044975221157074
1773333205.516041,-0.6225192407992939,0.4323566190083848,-0.6361492872238159,0.3982817828655243,0.005980576388537884,0.010455409064888954
1773333205.7200334,-0.6225883880045902,0.4358066312785796,-0.636152446269989,0.39827898144721985,0.0059785982593894005,0.010453445836901665
1773333205.9180636,-0.6212543112471682,0.4376791423675693,-0.6360971927642822,0.3982912003993988,0.005980528891086578,0.010454939678311348
1773333206.1287353,-0.6185390932361765,0.43800464366780795,-0.6361510157585144,0.39828407764434814,0.006021719425916672,0.010456714779138565
1773333206.3334365,-0.6162291830852579,0.4382803210314855,-0.6360947489738464,0.3982824385166168,0.006007388234138489,0.010454107075929642
1773333206.5225174,-0.6134948414550592,0.4379335527770749,-0.6361481547355652,0.39828112721443176,0.005995593965053558,0.010452734306454659
1773333206.7271516,-0.6122301686537297,0.43839715101884746,-0.6360951662063599,0.3982863426208496,0.006009738892316818,0.01046140119433403
1773333206.9233801,-0.6094094305127294,0.4376171942058836,-0.6361446380615234,0.39827993512153625,0.005990002304315567,0.010453874245285988
1773333207.136205,-0.6070868162432913,0.43702697248910394,-0.6360940337181091,0.3982863128185272,0.006026310846209526,0.010454384610056877
1773333207.5292358,-0.603647339727396,0.43562275690627833,-0.6361451745033264,0.3982835114002228,0.006005678325891495,0.010461708530783653
1773333207.7406266,-0.6028334307089432,0.4358273015701933,-0.6360966563224792,0.3982858955860138,0.006015989929437637,0.010456379503011703
1773333208.1228867,-0.5996431203918603,0.43436295481563664,-0.6361480951309204,0.398282915353775,0.0060095638036727905,0.010453557595610619
1773333208.3287244,-0.598260652257368,0.4341149155728264,-0.636150598526001,0.39828547835350037,0.006002126261591911,0.010455705225467682
1773333208.7292337,-0.5957502113431064,0.43296533566490664,-0.6361457705497742,0.39827877283096313,0.006043624132871628,0.01046491414308548
1773333208.9357157,-0.5980060262416229,0.4350851035750688,-0.6360870003700256,0.3982851505279541,0.005992628633975983,0.01045629009604454
1773333209.3280687,-0.601112444505666,0.43774687106360566,-0.6361490488052368,0.3982864320278168,0.005991209298372269,0.010450977832078934
1773333209.7280881,-0.5993879928288075,0.4370561025835522,-0.6361422538757324,0.3982760012149811,0.005982149392366409,0.010452941060066223
1773333209.933518,-0.6084994646429593,0.4439053784586178,-0.6360940933227539,0.3982831537723541,0.005994297564029694,0.010460786521434784
1773333210.1308417,-0.6070019906581667,0.443276871082086,-0.6360918283462524,0.3982876241207123,0.006005546078085899,0.01045307144522667
1773333210.5343373,-0.6075666977685557,0.4439608333595783,-0.6360927224159241,0.3982875943183899,0.0059987399727106094,0.010459214448928833
1773333210.8199635,-0.60980580473695,0.44577741014229505,-0.6360500454902649,0.39824530482292175,0.006003962829709053,0.010458286851644516
1773333210.938872,-0.6093791598514808,0.44565363633144695,-0.6361491680145264,0.39827898144721985,0.006025567650794983,0.010456221178174019
1773333211.3419633,-0.6069240474517501,0.445763263843476,-0.6361443400382996,0.3982788026332855,0.006022553890943527,0.01046345941722393
1773333211.5441496,-0.6050445763342484,0.4460233160312785,-0.6361423134803772,0.3982815444469452,0.0060271695256233215,0.010460726916790009
1773333211.758233,-0.6124933099323069,0.4514859457137473,-0.6366657018661499,0.3984632194042206,0.006019057705998421,0.010452529415488243
1773333212.1612978,-0.6091794601301548,0.44944800305048405,-0.6367244124412537,0.39961686730384827,0.006017938256263733,0.01045507937669754
1773333212.3649595,-0.6058629887727757,0.4484634361006145,-0.6362974047660828,0.4002636969089508,0.006022600457072258,0.010454706847667694
1773333212.5518353,-0.609689017544938,0.45184946808495297,-0.6362401843070984,0.4008517563343048,0.005985093303024769,0.010461121797561646
1773333212.755487,-0.6064051268606561,0.44976660617019587,-0.6363791227340698,0.4014965295791626,0.006006017327308655,0.01045750081539154
1773333212.9432902,-0.6084567946119973,0.4514919109618051,-0.6363216042518616,0.40208321809768677,0.006001114845275879,0.010459572076797485
1773333213.1460085,-0.6078293418943082,0.4513369342168042,-0.6360435485839844,0.4027678072452545,0.00599890761077404,0.010453073307871819
1773333213.7770808,-0.6078567286073159,0.45171567609984736,-0.635551929473877,0.4057002067565918,0.0060054343193769455,0.01045365259051323
1773333213.9490747,-0.6086319073440635,0.4533810914271918,-0.6347583532333374,0.4058765172958374,0.006005913019180298,0.010456619784235954
1773333214.1535656,-0.6141067959855618,0.4574162041738642,-0.6357244253158569,0.4048272967338562,0.006008420139551163,0.010450156405568123
1773333214.3472636,-0.6153286209855249,0.4584441796198751,-0.6362638473510742,0.4029940366744995,0.005996286869049072,0.01045399159193039
1773333214.58893,-0.6145174230365555,0.4588287906981088,-0.6364272236824036,0.4011334478855133,0.005986729636788368,0.010451244190335274
1773333215.152359,-0.6178149362708949,0.46143150295972424,-0.6343739628791809,0.4025092124938965,0.006010724231600761,0.010453518480062485
1773333215.7568796,-0.6229568334397951,0.4667979262281167,-0.6319155693054199,0.40528836846351624,0.00600416399538517,0.010456675663590431
1773333216.107232,-0.6178627548294714,0.4646579540506354,-0.6306965351104736,0.40696001052856445,0.0060022566467523575,0.010464053601026535
1773333223.7783825,-0.5881776404285193,0.46250401637110555,-0.6117986440658569,0.40885165333747864,0.006013954058289528,0.010460158810019493
1773333223.9998162,-0.5788709902195848,0.46720681133692016,-0.6117703318595886,0.4089038074016571,0.006022220477461815,0.010455066338181496
1773333224.1795928,-0.5731647000489358,0.4704266656551668,-0.611801266670227,0.40886279940605164,0.005997473374009132,0.010451408103108406
1773333224.7835007,-0.5711035703690039,0.4747097373632437,-0.6117994785308838,0.40885815024375916,0.006007572636008263,0.010462140664458275
1773333225.5894508,-0.5774576243428793,0.4756028339397289,-0.6141992211341858,0.3991859257221222,0.006001325324177742,0.010455690324306488
1773333226.38863,-0.5818318975281707,0.45247593333029257,-0.6208776235580444,0.3763290345668793,0.006012625992298126,0.01045723631978035
1773333227.4385564,-0.5924113260967948,0.4295769740455216,-0.6278880834579468,0.3462640345096588,0.006021479144692421,0.010455098003149033
1773333227.5646896,-0.5899979954451886,0.42601350142160815,-0.6281288862228394,0.34301134943962097,0.006019866093993187,0.010455897077918053
1773333227.798023,-0.5903454533931044,0.41850274839418106,-0.6300615072250366,0.33656567335128784,0.006020758301019669,0.010461313650012016
1773333228.2173917,-0.5969569753154235,0.40872764077475227,-0.6315719485282898,0.3257277011871338,0.006020978093147278,0.010451318696141243
1773333228.6606417,-0.5974859588999962,0.39630762492321225,-0.6326552629470825,0.3124082684516907,0.006030930206179619,0.010457402095198631
1773333228.999981,-0.5969599410275717,0.38413721611152857,-0.6334782242774963,0.30176621675491333,0.005996432155370712,0.01045355387032032
1773333229.4167664,-0.5981371184742605,0.3708519760107348,-0.6336489915847778,0.29040560126304626,0.006009552627801895,0.010455459356307983
1773333229.623025,-0.6003970929384739,0.36627684296755353,-0.6337970495223999,0.28423020243644714,0.005986692383885384,0.01045319251716137
1773333229.8010607,-0.6023410208233662,0.3619768472705751,-0.6337524056434631,0.277983158826828,0.00599331222474575,0.010454664006829262
1773333230.2020953,-0.6029377747229504,0.3494662929590841,-0.6334989070892334,0.26650679111480713,0.006022416055202484,0.010448120534420013
1773333230.4005582,-0.6046668925109017,0.34464490538362846,-0.6326476335525513,0.26068785786628723,0.00601496547460556,0.01045013964176178
1773333230.606542,-0.6055199546726427,0.3380760411881586,-0.6322692632675171,0.2547311782836914,0.006004195660352707,0.010452823713421822
1773333230.8083446,-0.6053456381190514,0.33219082763678404,-0.6315037608146667,0.247839093208313,0.006019594147801399,0.01045309193432331
1773333231.0041294,-0.6068920710037748,0.3264148854543118,-0.6303501725196838,0.2420949786901474,0.005986576899886131,0.010455487295985222
1773333231.2132118,-0.6062631790584574,0.3191369456940789,-0.6299386620521545,0.2368355095386505,0.005995392799377441,0.01046266220510006
1773333231.6365302,-0.6046620067849101,0.3076337895835306,-0.627518892288208,0.2251613885164261,0.0060011837631464005,0.010457698255777359
1773333231.820253,-0.6053136233712528,0.3034538840952142,-0.6264217495918274,0.2204546183347702,0.006001368165016174,0.010453665629029274
1773333232.017264,-0.6050404459674984,0.2966424376847746,-0.6244688630104065,0.2143869549036026,0.006020229309797287,0.010459506884217262
1773333232.2055206,-0.603192391629449,0.2903026188716519,-0.6220038533210754,0.20894749462604523,0.006009651347994804,0.01045490987598896
1773333232.4651978,-0.6054389907329055,0.2849907270674084,-0.6197033524513245,0.20163632929325104,0.006013141945004463,0.010456418618559837
1773333232.6349723,-0.6048690735989587,0.27927126001398767,-0.6184345483779907,0.19741125404834747,0.005987217649817467,0.010457918047904968
1773333232.8315234,-0.6035260335934892,0.27395690374659026,-0.6173368096351624,0.19223074615001678,0.005999080836772919,0.010456051677465439
1773333233.0129714,-0.605617011529816,0.26969011584526337,-0.6151557564735413,0.1876375377178192,0.006010379642248154,0.010460790246725082
1773333233.2327473,-0.6037892284814877,0.2637607930776423,-0.6137518286705017,0.18113774061203003,0.006005996838212013,0.010449200868606567
1773333233.4116256,-0.6024907283576152,0.2588705281531648,-0.6117574572563171,0.17678973078727722,0.006026819348335266,0.010457823053002357
1773333233.6128953,-0.6010359547746492,0.2528138169104066,-0.6097248196601868,0.17054426670074463,0.006026819348335266,0.010461241006851196
1773333233.8159037,-0.6002455143508875,0.2485174581472955,-0.6078461408615112,0.16482889652252197,0.006014009937644005,0.01045924797654152
1773333234.020197,-0.5984303400351939,0.24123096687714954,-0.6063292622566223,0.15941540896892548,0.00602257065474987,0.010460125282406807
1773333234.216238,-0.5969795373144732,0.23539464747670555,-0.6053352355957031,0.15396763384342194,0.0059967320412397385,0.010452289134263992
1773333234.4117196,-0.5968915975408852,0.22972726943683547,-0.603421688079834,0.14866366982460022,0.005978432483971119,0.01045474223792553
1773333234.6208901,-0.5954833259533285,0.2238421295829908,-0.6017464399337769,0.14224612712860107,0.006006516516208649,0.010453738272190094
1773333234.8133373,-0.595840928496883,0.21956671099220232,-0.599437952041626,0.13693851232528687,0.006004158407449722,0.010458912700414658
1773333235.01706,-0.5940178579635795,0.21252423968658443,-0.5976755619049072,0.13129626214504242,0.006023095920681953,0.010462017729878426
1773333235.2193496,-0.5979284867425961,0.20789139940254128,-0.5958165526390076,0.1264035403728485,0.005969013087451458,0.010450763627886772
1773333235.4144094,-0.5957943177396697,0.2020074893901042,-0.5946247577667236,0.12094797194004059,0.006022274494171143,0.010451911017298698
1773333235.6260996,-0.5941365006503949,0.1975664903067528,-0.5929007530212402,0.11550862342119217,0.0059989746659994125,0.010453050956130028
1773333235.8221936,-0.5923619580929702,0.19041380254316317,-0.5911351442337036,0.10980366915464401,0.0060111600905656815,0.010450562462210655
1773333236.0183077,-0.5914168925096261,0.18611676426874704,-0.5892165303230286,0.10459990054368973,0.005989903584122658,0.010457037016749382
1773333236.2220054,-0.5900198656143927,0.1794955208919759,-0.5867215991020203,0.09859232604503632,0.006002938374876976,0.010456211864948273
1773333236.4177694,-0.589360608513863,0.1730249270989496,-0.5854470729827881,0.09316719323396683,0.00601179338991642,0.010457495227456093
1773333236.6479716,-0.5883498253890467,0.16781761548721227,-0.583313524723053,0.08725959807634354,0.00600663386285305,0.010455098003149033
1773333236.8228903,-0.5863772642843691,0.1622550705472287,-0.5823178291320801,0.0824986919760704,0.006023453548550606,0.010462302714586258
1773333237.0206568,-0.5847405538796571,0.15602451526177497,-0.5801854729652405,0.07675981521606445,0.006000855937600136,0.010460643097758293
1773333237.3234525,-0.5846605060106255,0.14832859852808064,-0.5775219798088074,0.06849480420351028,0.0060148779302835464,0.01046258769929409
1773333237.5550401,-0.5832377264322706,0.14174014719811318,-0.5751146078109741,0.06122569739818573,0.006009114906191826,0.010452421382069588
1773333237.7405424,-0.5828380101623064,0.1357833076265243,-0.5737471580505371,0.05590374022722244,0.006012884899973869,0.010470027104020119
1773333237.922143,-0.580554505871768,0.12996599575634896,-0.5720478296279907,0.05145028978586197,0.006020449101924896,0.010456306859850883
1773333238.1583974,-0.5796077996838198,0.12414123865390096,-0.5707157254219055,0.04480947181582451,0.006005499511957169,0.010457316413521767
1773333238.3765488,-0.5773386002399628,0.11693799394302079,-0.5682189464569092,0.03801896423101425,0.005986238829791546,0.010457055643200874
1773333238.5168352,-0.5769769162591668,0.11311391906331492,-0.5673377513885498,0.034231413155794144,0.005995543673634529,0.010458799079060555
1773333238.8175018,-0.5757796603048965,0.10388998224074286,-0.56361985206604,0.024715261533856392,0.006009085103869438,0.010464251041412354
1773333238.9544208,-0.5751323227227964,0.09931483971261297,-0.5620198845863342,0.01867847330868244,0.006009936332702637,0.010456722229719162
1773333239.1921604,-0.572026883627188,0.0872364987822872,-0.5588234663009644,0.007967310957610607,0.005988105200231075,0.010459600016474724
1773333239.2674472,-0.5717197372726077,0.0844196656824837,-0.5572356581687927,0.004096574615687132,0.006011532619595528,0.010445404797792435
1773333239.4412353,-0.5696168689524457,0.07417795704803644,-0.5545037984848022,-0.0042466833256185055,0.00599486380815506,0.010450230911374092
1773333239.8300025,-0.5642021220010617,0.05432299936478101,-0.5484792590141296,-0.021356139332056046,0.006009988486766815,0.010459445416927338
1773333240.032905,-0.5631354332005687,0.04614584945240475,-0.5461233258247375,-0.031268466264009476,0.0060156118124723434,0.010451184585690498
1773333240.2324433,-0.5602565573909171,0.03412137862167348,-0.5426724553108215,-0.04064779356122017,0.006000997498631477,0.010454095900058746
1773333240.4372206,-0.5582604864012463,0.02363917036173326,-0.5395531058311462,-0.05085277929902077,0.00600782036781311,0.01045716367661953
1773333240.6423838,-0.5566900362986487,0.015560282637458138,-0.5365838408470154,-0.0595247820019722,0.006010428071022034,0.010460902005434036
1773333240.8399842,-0.5539789557433752,0.0036816489456422815,-0.5339187383651733,-0.06929217278957367,0.005998324602842331,0.01045961119234562
1773333241.0379982,-0.5518591380970334,-0.0063721563592382055,-0.5309243202209473,-0.07902009785175323,0.006011629477143288,0.010462598875164986
1773333241.2375164,-0.5495181674682431,-0.01445045305747334,-0.5279542207717896,-0.08870773762464523,0.0060049183666706085,0.010471038520336151
1773333241.4382985,-0.5459903887067935,-0.02647291160804755,-0.5248067378997803,-0.09820003062486649,0.006005911156535149,0.010460007935762405
1773333241.6392956,-0.5437413003875465,-0.037494013335491155,-0.5213531851768494,-0.1079036295413971,0.0060210395604372025,0.010465430095791817
1773333241.8443913,-0.542062908251705,-0.04742912018414001,-0.5180589556694031,-0.11712829023599625,0.0060282982885837555,0.010454278439283371
1773333242.0468788,-0.5397856750221013,-0.05765948162570216,-0.515404224395752,-0.12669049203395844,0.006027521565556526,0.0104515440762043
1773333242.243324,-0.5365030546870365,-0.06753380644489518,-0.512698233127594,-0.13468627631664276,0.006017528474330902,0.010461749508976936
1773333242.4826956,-0.5337526223330114,-0.08025011246217151,-0.5086367130279541,-0.14648325741291046,0.0059799859300255775,0.010450921952724457
1773333242.717183,-0.5316174704411746,-0.09107915725452445,-0.5050162076950073,-0.15763938426971436,0.005997024476528168,0.01046130619943142
1773333242.9953117,-0.5287066941502154,-0.102552227735511,-0.5012709498405457,-0.17049401998519897,0.006004443392157555,0.010458847507834435
1773333243.1977885,-0.5265400880393528,-0.11291270017229642,-0.4981662333011627,-0.18040971457958221,0.006027894094586372,0.010460050776600838
1773333243.2426744,-0.5262758620801751,-0.11809011214260239,-0.4974811375141144,-0.18239320814609528,0.006003763526678085,0.010464387014508247
1773333243.5885503,-0.5228121771132439,-0.13260185425761026,-0.49255990982055664,-0.19826310873031616,0.0060124509036540985,0.010457655414938927
1773333243.7039862,-0.5205019052090041,-0.1426110002422064,-0.4905104637145996,-0.20386144518852234,0.005999905988574028,0.010454796254634857
1773333243.892065,-0.5188188272964127,-0.15051991482896734,-0.4880947470664978,-0.21203124523162842,0.00598883256316185,0.010459598153829575
1773333244.0433092,-0.5173889788833267,-0.1579701918078071,-0.4857116937637329,-0.2191987782716751,0.006005266681313515,0.010452184826135635
1773333244.2834709,-0.5137274672612457,-0.17023730470643406,-0.4815780222415924,-0.2301594465970993,0.006019802764058113,0.01045217551290989
1773333244.4885948,-0.5116087509027136,-0.18093152448799651,-0.47859853506088257,-0.2392285317182541,0.006008399650454521,0.010451959446072578
1773333244.6565425,-0.509945573135082,-0.18822359229799523,-0.4767778217792511,-0.24740155041217804,0.006021227687597275,0.010453835129737854
1773333244.8630433,-0.5078267968289604,-0.19851540510143031,-0.4731243848800659,-0.2565518617630005,0.005990995094180107,0.010455334559082985
1773333245.052508,-0.5053026581428655,-0.20875194381264628,-0.4699646234512329,-0.2653765380382538,0.0060045793652534485,0.01046314463019371
1773333245.2485292,-0.5046059184713967,-0.21499137779777028,-0.46784108877182007,-0.27470481395721436,0.006008107215166092,0.010458650067448616
1773333245.4473383,-0.5009360251685128,-0.2304501203412146,-0.46565964818000793,-0.2847634553909302,0.006023485213518143,0.010461252182722092
1773333245.6527293,-0.4984760844710419,-0.240639260908182,-0.46358317136764526,-0.2935849726200104,0.006019506603479385,0.010458789765834808
1773333245.860207,-0.4955194259902274,-0.2508964617051022,-0.4600884020328522,-0.3033404052257538,0.006000975146889687,0.010456852614879608
1773333246.0482535,-0.49269526376430073,-0.26127870376902185,-0.45631834864616394,-0.31176307797431946,0.005999801680445671,0.010461371392011642
1773333246.24841,-0.489549645995465,-0.2716676233139463,-0.4516901969909668,-0.32080236077308655,0.0060238949954509735,0.010457469150424004
1773333246.4650252,-0.4847509319936948,-0.28057362997755353,-0.4467712342739105,-0.32983070611953735,0.006001187488436699,0.010452395305037498
1773333246.6583636,-0.4806434977894477,-0.29033781270131676,-0.4430482089519501,-0.33661723136901855,0.0060094501823186874,0.010457545518875122
1773333246.9462554,-0.4756846563701307,-0.29840766304385863,-0.4335848093032837,-0.3479256331920624,0.00600363127887249,0.010466272011399269
1773333247.1757011,-0.4668706223264468,-0.30936523892357864,-0.4270167648792267,-0.35656386613845825,0.00601259246468544,0.010464819148182869
1773333247.5002253,-0.4554470943027277,-0.3204748840039166,-0.4164929986000061,-0.3656889498233795,0.006017368286848068,0.010451238602399826
1773333247.610167,-0.45230301051505634,-0.3250231515516677,-0.412001371383667,-0.3695327043533325,0.0060247574001550674,0.010453090071678162
1773333247.656521,-0.4534102947697274,-0.3257612698694603,-0.4106171131134033,-0.37081101536750793,0.006006242707371712,0.010453082621097565
1773333247.8581312,-0.4452950187281204,-0.331795148591077,-0.4035130739212036,-0.37749868631362915,0.006008084863424301,0.01046433113515377
1773333248.1850016,-0.430978406845613,-0.34050089988092913,-0.39033737778663635,-0.38634586334228516,0.0060254670679569244,0.010461604222655296
1773333248.3676016,-0.42803284995240576,-0.346852306384109,-0.3823694884777069,-0.390397846698761,0.005699662491679192,0.010385964065790176
1773333248.5655286,-0.4202798751705604,-0.3529604822575989,-0.3736203908920288,-0.39395999908447266,0.005696828011423349,0.010378512553870678
1773333248.8574648,-0.4090094913044674,-0.36048230784422713,-0.3607009947299957,-0.3995831608772278,0.006031308323144913,0.01046658493578434
1773333248.951931,-0.40681667319388604,-0.3648309016186547,-0.35640713572502136,-0.4005739688873291,0.006005404517054558,0.010455943644046783
1773333249.0687835,-0.40223929878658954,-0.36799466573769657,-0.35116639733314514,-0.40182799100875854,0.005991918966174126,0.010462170466780663
1773333249.2659698,-0.39346704009635747,-0.37224086342020135,-0.343511700630188,-0.40427660942077637,0.006013188511133194,0.010459830984473228
1773333249.4720194,-0.38209687694690225,-0.3762233122760252,-0.3340570330619812,-0.4059133529663086,0.0060025788843631744,0.010455133393406868
1773333249.6729972,-0.37212665490222,-0.3787577111710024,-0.3242410719394684,-0.4072204530239105,0.00600806251168251,0.010453611612319946
1773333249.8785648,-0.36480552703189406,-0.3804962191136459,-0.31359735131263733,-0.4082402288913727,0.00601598434150219,0.010460864752531052
1773333250.0738263,-0.3557566959505915,-0.38264651399031213,-0.30468541383743286,-0.40809640288352966,0.005999326705932617,0.010456085205078125
1773333250.2689123,-0.3434855192122705,-0.3843098893633642,-0.2958112061023712,-0.4079587757587433,0.0059975069016218185,0.010458501055836678
1773333250.4720547,-0.3361206536453095,-0.3845403710265811,-0.2852536141872406,-0.40660595893859863,0.0060186684131622314,0.010457595810294151
1773333250.670656,-0.32282519562388995,-0.38274798693169243,-0.2762767970561981,-0.4051876664161682,0.0060219597071409225,0.010452331975102425
1773333250.9496253,-0.31179553859428794,-0.38144274584646054,-0.26332423090934753,-0.4034205973148346,0.006023760885000229,0.010454827919602394
1773333251.1352205,-0.30560983571084177,-0.38231151993849866,-0.25462430715560913,-0.4007774889469147,0.005990689620375633,0.01045510545372963
1773333251.4152358,-0.2938142825402457,-0.38099422893984203,-0.24261921644210815,-0.3957526981830597,0.005983032286167145,0.01045784167945385
1773333251.567508,-0.2910839101510565,-0.3860963481663157,-0.235573410987854,-0.39255961775779724,0.005983047187328339,0.010459436103701591
1773333251.6780152,-0.2875948832099794,-0.3906506309116759,-0.2316090315580368,-0.3899775743484497,0.006028356030583382,0.010457389056682587
1773333251.8726468,-0.2802833802417279,-0.39037294892179397,-0.22348187863826752,-0.3852759301662445,0.006013218313455582,0.010453574359416962
1773333252.0801644,-0.26950926804742464,-0.3837587228086255,-0.21371516585350037,-0.38021111488342285,0.006010543555021286,0.010458502918481827
1773333252.2826807,-0.2604468866621954,-0.37926501191708395,-0.2056134194135666,-0.37531256675720215,0.006009427830576897,0.010453589260578156
1773333252.4868639,-0.2518851707428659,-0.37808445522164064,-0.19706973433494568,-0.37041226029396057,0.006026692688465118,0.010455239564180374
1773333252.6857996,-0.24301271331004862,-0.37404303939168987,-0.18930599093437195,-0.36567893624305725,0.00602426752448082,0.010453013703227043
1773333252.8776367,-0.23122342365696816,-0.3689203753816326,-0.18095804750919342,-0.36187782883644104,0.00600665807723999,0.010458661243319511
1773333253.110532,-0.22216963344140114,-0.3654610446990974,-0.17145143449306488,-0.3564804494380951,0.006018707528710365,0.010454099625349045
1773333253.277841,-0.21269434015555366,-0.36126219661066217,-0.16396644711494446,-0.35207653045654297,0.006009610369801521,0.010461503639817238
1773333253.477814,-0.20306285212456424,-0.3580421112936958,-0.15656264126300812,-0.347037136554718,0.005987836048007011,0.010458949953317642
1773333253.6865413,-0.19413136132583547,-0.35565696220636367,-0.14754782617092133,-0.34214651584625244,0.00602303259074688,0.010456716641783714
1773333253.8842435,-0.18626137472035398,-0.3557589004163513,-0.13978157937526703,-0.33793365955352783,0.006018336862325668,0.010451102629303932
1773333254.0911486,-0.17645087207772017,-0.35232470757232137,-0.13068383932113647,-0.3326961100101471,0.0060266368091106415,0.010457422584295273
1773333254.292784,-0.16672295923529615,-0.3479054966666249,-0.12288568168878555,-0.3278496265411377,0.006008397787809372,0.010453939437866211
1773333254.550829,-0.15497864619855756,-0.3416949719677101,-0.11159368604421616,-0.3219074010848999,0.0060090962797403336,0.010457994416356087
1773333254.8949723,-0.13842410116990878,-0.3338482733971365,-0.09581604599952698,-0.3131520748138428,0.006004324182868004,0.010454649105668068
1773333255.0872397,-0.12851907567902898,-0.32971843929379635,-0.08821545541286469,-0.30768629908561707,0.006014609709382057,0.010462697595357895
1773333255.2831821,-0.11886222884759082,-0.32570236768215777,-0.08043856918811798,-0.3029762804508209,0.0060023535043001175,0.01045675203204155
1773333255.4836411,-0.1094881819919121,-0.32453068280184266,-0.07274000346660614,-0.29928117990493774,0.006000857800245285,0.010453136637806892
1773333255.68693,-0.09956974865976105,-0.3214908216987189,-0.06390547752380371,-0.293853759765625,0.005995672196149826,0.010463802143931389
1773333255.889021,-0.09021955422381844,-0.31796684597668984,-0.05506378784775734,-0.2905542552471161,0.00599772110581398,0.010458039119839668
1773333256.0946488,-0.08002399546806667,-0.31524703843695234,-0.04686565697193146,-0.2874370217323303,0.0059974342584609985,0.010463578626513481
1773333256.290415,-0.06876193135078809,-0.312452399403387,-0.0378824807703495,-0.2846291959285736,0.006034523248672485,0.010471023619174957
1773333256.4950376,-0.058958775923638095,-0.3103477838201615,-0.027986086905002594,-0.28308552503585815,0.006040289998054504,0.010473864153027534
1773333256.6899645,-0.04894973953550118,-0.30885702057351594,-0.02327696979045868,-0.2828608453273773,0.005982741713523865,0.010473329573869705
1773333256.895721,-0.038394068043542555,-0.3071594134178528,-0.01348012313246727,-0.2804587483406067,0.005967043340206146,0.010471783578395844
1773333257.096462,-0.028902231671346493,-0.30583089583653317,-0.004104190040379763,-0.27907857298851013,0.005927820689976215,0.01048242300748825
1773333257.2970304,-0.019153424661638132,-0.3051797920039343,0.00605157483369112,-0.27794694900512695,0.005942960269749165,0.010477177798748016
1773333257.495252,-0.009109178004739035,-0.3047671724517579,0.016650479286909103,-0.276757150888443,0.005876325070858002,0.010469558648765087
1773333257.6971843,0.001481461792838415,-0.3045520344698036,0.023746808990836143,-0.27664878964424133,0.00584382563829422,0.01047082431614399
1773333257.9031575,0.008459452207222187,-0.3046306313866876,0.03308023139834404,-0.2765297591686249,0.005852541886270046,0.01047234795987606
1773333258.1009467,0.02144464898097037,-0.3050071251529248,0.04290284216403961,-0.27628591656684875,0.005836387164890766,0.01047971099615097
1773333258.2988882,0.03118510348170008,-0.305336950957756,0.0535050705075264,-0.2768157124519348,0.00584231223911047,0.010479851625859737
1773333258.5007396,0.03855439577850784,-0.3056569871682273,0.061961691826581955,-0.2774750888347626,0.005842648446559906,0.010476144030690193
1773333258.7531488,0.05129372862886053,-0.30721736917574477,0.07373130321502686,-0.2777988314628601,0.005841745994985104,0.010475768707692623
1773333258.9072807,0.05901582686027359,-0.30884976622413784,0.08193252980709076,-0.278205543756485,0.005851363763213158,0.010477283038198948
1773333259.1072443,0.07424195511356702,-0.3109005985167065,0.09145967662334442,-0.2796955406665802,0.005833802744746208,0.010477645322680473
1773333259.3017921,0.08323846980035582,-0.3122310023376521,0.1003785952925682,-0.28050875663757324,0.0058163804933428764,0.01047154888510704
1773333259.5063164,0.0950681674582028,-0.3141317480175976,0.11117181926965714,-0.281733900308609,0.005822552368044853,0.010467086918652058
1773333259.7802103,0.10768226256966655,-0.3161206533731083,0.12366083264350891,-0.28351929783821106,0.005865875631570816,0.010453595779836178
1773333259.907129,0.11356849104362386,-0.31723761272006373,0.1300867795944214,-0.2843659818172455,0.005856845527887344,0.010464917868375778
1773333260.1031864,0.12533968846958446,-0.3189469014494199,0.13837769627571106,-0.2861716151237488,0.005839269608259201,0.010466995649039745
1773333260.3130705,0.13297926261538695,-0.32089924218275545,0.14892306923866272,-0.28780582547187805,0.0058570364490151405,0.01046459749341011
1773333260.5259082,0.1458946451318128,-0.3235352127660666,0.15953396260738373,-0.2895907759666443,0.0062058791518211365,0.01054435782134533
1773333260.7074394,0.15385902300899187,-0.32521373461107,0.16759248077869415,-0.29120197892189026,0.005984144285321236,0.010453782975673676
1773333260.9108229,0.16637605351253942,-0.3286067714543562,0.1784144639968872,-0.2934567928314209,0.0059990044683218,0.010455239564180374
1773333261.1103647,0.17714279802597846,-0.3314116115710214,0.1883329153060913,-0.29588624835014343,0.0060012079775333405,0.010461058467626572
1773333261.3142278,0.18515681024615682,-0.3334604590529723,0.19847644865512848,-0.2982785403728485,0.005996007472276688,0.010452425107359886
1773333261.5112998,0.19705457939399815,-0.3369622647152147,0.20725367963314056,-0.30043932795524597,0.0059975311160087585,0.010455640032887459
1773333261.7132008,0.20683394813649614,-0.3402018340176703,0.21677909791469574,-0.30362436175346375,0.006000583991408348,0.010450705885887146
1773333261.9123948,0.21738405271933323,-0.34382342771576474,0.22666995227336884,-0.3073914349079132,0.006283335387706757,0.010568195953965187
1773333262.115058,0.22770007479660587,-0.3469261352079323,0.23594151437282562,-0.3103390336036682,0.006003059446811676,0.010452404618263245
1773333262.3126419,0.2374946806699534,-0.35089940726082636,0.24479660391807556,-0.31303343176841736,0.0062871407717466354,0.010560750961303711
1773333262.5180094,0.24658212288731596,-0.35401001136446303,0.25476887822151184,-0.31746649742126465,0.006008177995681763,0.010451581329107285
1773333262.718784,0.25565582563254113,-0.3580982211709402,0.2638588845729828,-0.3209221065044403,0.006017429754137993,0.010455260053277016
1773333262.9244945,0.2666027999225316,-0.3628168593133836,0.2741200625896454,-0.32440051436424255,0.006021697074174881,0.010445138439536095
1773333263.115241,0.2747740911787789,-0.3664745602589756,0.2821151316165924,-0.32771697640419006,0.0060270074754953384,0.01045459695160389
1773333263.31696,0.2854674154450587,-0.37069034990205485,0.29165440797805786,-0.3319654166698456,0.005988290533423424,0.010455934330821037
1773333263.7184026,0.30401525965714515,-0.3791682838945832,0.3092678487300873,-0.3405359387397766,0.006007324904203415,0.010451160371303558
1773333263.919213,0.3138489283797863,-0.3842548255295428,0.317112535238266,-0.3450535237789154,0.006008634343743324,0.010455343872308731
1773333264.1195414,0.3234001814114886,-0.3887137972538555,0.32563674449920654,-0.35005617141723633,0.0060058217495679855,0.010465526953339577
1773333264.3171303,0.3305780770908654,-0.39248484403749284,0.3331393897533417,-0.355398565530777,0.006003802642226219,0.01045721210539341
1773333264.5194988,0.34141014575177475,-0.39765397587668366,0.3422670364379883,-0.3597859740257263,0.0059926994144916534,0.01045040413737297
1773333264.7180438,0.35109633674456625,-0.40176827142667026,0.35102203488349915,-0.36358994245529175,0.005995515733957291,0.010449415072798729
1773333264.9189434,0.35602390557380614,-0.4039988173631319,0.36064448952674866,-0.36751148104667664,0.006026748567819595,0.010458685457706451
1773333265.1226425,0.3700284846138767,-0.4102125081520102,0.36882397532463074,-0.37134045362472534,0.006024174392223358,0.01045578345656395
1773333265.331498,0.38233127858016613,-0.4143026869007945,0.37827861309051514,-0.3745810091495514,0.006032686680555344,0.010452764108777046
1773333265.5404963,0.3909818015255013,-0.4164928626979097,0.38723278045654297,-0.37757983803749084,0.00600736029446125,0.010449770838022232
1773333265.7223837,0.40150889578564336,-0.419402539938618,0.3956781029701233,-0.3792647123336792,0.00601021945476532,0.010446831583976746
1773333265.9281628,0.41074775134835634,-0.42159756307015883,0.40632641315460205,-0.38154977560043335,0.00629776157438755,0.010560952126979828
1773333266.1252806,0.4215152259177161,-0.42398676474379676,0.41578561067581177,-0.3836043179035187,0.006000528112053871,0.010451886802911758
1773333266.3277967,0.43268499863138826,-0.42647636186377197,0.42420074343681335,-0.38483911752700806,0.00600525364279747,0.01045675203204155
1773333266.5240126,0.440962951009824,-0.4267475029528035,0.4337708353996277,-0.3855688273906708,0.006012445315718651,0.010458571836352348
1773333266.7284102,0.45166211725048316,-0.4280882353910903,0.44459712505340576,-0.38656699657440186,0.005966850556433201,0.010456975549459457
1773333266.939776,0.4601039242787877,-0.4284922723825243,0.454190194606781,-0.38594338297843933,0.006312081590294838,0.010567430406808853
1773333267.1372359,0.4683881779038536,-0.4289074170382064,0.46259573101997375,-0.3860200047492981,0.00600721500813961,0.010451234877109528
1773333267.3362737,0.4756217819548765,-0.4288748451432707,0.47204139828681946,-0.3857531249523163,0.006007997319102287,0.010454371571540833
1773333267.5319748,0.48551562456762426,-0.42848672635861756,0.48157814145088196,-0.3850648105144501,0.0060104671865701675,0.01045762374997139
1773333267.7304718,0.49499439087753955,-0.4285355801831774,0.4904824495315552,-0.38360026478767395,0.006017653271555901,0.010452760383486748
1773333267.9290035,0.5091705417760394,-0.4260427203551829,0.5005033016204834,-0.38183364272117615,0.005997214466333389,0.010456381365656853
1773333268.133955,0.5194817769268186,-0.4234950418173349,0.510235071182251,-0.3797667324542999,0.006015267223119736,0.010452726855874062
1773333268.3392124,0.5284186939367504,-0.42206839793944295,0.5199089646339417,-0.3777945637702942,0.006007246673107147,0.01046246849000454
1773333268.5356863,0.5352621850982614,-0.41995610728023103,0.5290802717208862,-0.37539777159690857,0.006002292037010193,0.01045404002070427
1773333268.7331228,0.5395617627858363,-0.41882105963194743,0.5382163524627686,-0.3720954656600952,0.005984358489513397,0.010454652830958366
1773333268.9345467,0.5583417067915386,-0.41389140185597795,0.5479735136032104,-0.368350625038147,0.00598866306245327,0.010455010458827019
1773333269.13762,0.5644074419665522,-0.40986764929186725,0.5564014315605164,-0.3646600544452667,0.00601285882294178,0.01046166941523552
1773333269.3380928,0.5726157680362518,-0.40710076472070855,0.5652620196342468,-0.3597794473171234,0.00598360039293766,0.010452084243297577
1773333269.5407689,0.5811509210524219,-0.40274929820745714,0.5742068290710449,-0.35538867115974426,0.006019352003931999,0.010457580909132957
1773333269.7425792,0.5900656047009977,-0.39817189831001043,0.582312822341919,-0.3508765399456024,0.006013326346874237,0.01046147570014
1773333269.9430394,0.5977886658741842,-0.39432207114892504,0.5890378355979919,-0.34588488936424255,0.0060045477002859116,0.010454092174768448
1773333270.1483567,0.6071501627574462,-0.3896915528259133,0.5971975922584534,-0.33981752395629883,0.006003681570291519,0.010453740134835243
1773333270.3463345,0.6129791772485315,-0.3836011528640898,0.6052085757255554,-0.3339346945285797,0.005987927317619324,0.01045447401702404
1773333270.5474477,0.6187736453944079,-0.3764374233981782,0.6124688982963562,-0.32857608795166016,0.006010036915540695,0.010457582771778107
1773333270.7555463,0.6261021657650752,-0.371104755671669,0.6194835305213928,-0.320984810590744,0.006009193137288094,0.010449785739183426
1773333270.9543748,0.6332264963256843,-0.3646200832060489,0.626632809638977,-0.3150568902492523,0.006026905030012131,0.010455440729856491
1773333271.1488853,0.640115554418514,-0.35749775076308854,0.6336020827293396,-0.30810901522636414,0.005985531955957413,0.010456874966621399
1773333271.3572917,0.6447619384070019,-0.34932272332814607,0.6403661966323853,-0.30131083726882935,0.005997851490974426,0.010453658178448677
1773333271.5543308,0.6495286041848551,-0.34237058017107236,0.6454343795776367,-0.2942890524864197,0.006010666489601135,0.010453648865222931
1773333271.7507148,0.6530495460779722,-0.3334986207484144,0.6510804295539856,-0.28750380873680115,0.00601578876376152,0.01045863889157772
1773333271.9545696,0.6578346224934579,-0.32568805971878867,0.6574434638023376,-0.2784881889820099,0.005998644977807999,0.010461201891303062
1773333272.6006377,0.6698137023131022,-0.29892306772105715,0.6732958555221558,-0.2523413598537445,0.005995225161314011,0.010451581329107285
1773333272.7603357,0.6723514645355854,-0.2951487673659464,0.6758143305778503,-0.2455703169107437,0.006003575399518013,0.010452205315232277
1773333272.958023,0.6752172825471955,-0.28553462191926215,0.679793655872345,-0.23665985465049744,0.005984308198094368,0.010457303375005722
1773333273.35864,0.6848762149975048,-0.2630960367351664,0.6865164041519165,-0.21972139179706573,0.006020324304699898,0.010458018630743027
1773333274.1560614,0.6955344095171614,-0.22567072420527656,0.6948415637016296,-0.18477800488471985,0.006014740094542503,0.010457964614033699
1773333274.7600687,0.6987021390347247,-0.19709600444902023,0.6982610821723938,-0.15696367621421814,0.005993705242872238,0.010451996698975563
1773333274.9746172,0.7002794444764345,-0.18538512360698636,0.6982102394104004,-0.14535552263259888,0.005991024896502495,0.010449599474668503
1773333275.5625875,0.6999029115986871,-0.15934796202339907,0.6979832649230957,-0.11799385398626328,0.006005501374602318,0.010455971583724022
1773333276.1679416,0.7044039065544183,-0.13072877981373243,0.6998053193092346,-0.08874400705099106,0.006044086068868637,0.010461397469043732
1773333276.4884253,0.7091765195935327,-0.11797269882215579,0.7013044953346252,-0.07287786155939102,0.006011009216308594,0.010459639132022858
1773333276.6943774,0.7117872120439316,-0.10687212357921543,0.7028966546058655,-0.0627160519361496,0.006012147292494774,0.010456796735525131
1773333277.3734725,0.721092035246135,-0.07342733317076042,0.7075787782669067,-0.030069326981902122,0.006008561700582504,0.010447712615132332
1773333277.5845828,0.7230081211948678,-0.06485316453107758,0.7097607254981995,-0.018340881913900375,0.0060080066323280334,0.010454319417476654
1773333277.976991,0.7304667308119682,-0.04690367807492466,0.7137758135795593,-0.00019146327394992113,0.006006089970469475,0.010460970923304558
1773333278.1726344,0.7344861836519474,-0.03825371652271339,0.7157416343688965,0.0083718067035079,0.005979117006063461,0.010452128946781158
1773333278.3780413,0.7408073731964167,-0.030977263117339893,0.7183865308761597,0.018588624894618988,0.006015224382281303,0.010457025840878487
1773333278.7725165,0.7487748483605711,-0.013291653620133492,0.7233932614326477,0.03664607182145119,0.005991843529045582,0.010452663525938988
1773333278.9729607,0.751562898802047,-0.004930897393948175,0.7261099815368652,0.04585890844464302,0.006027102470397949,0.010452685877680779
1773333279.178548,0.7553575535176043,0.004541780823054564,0.730032742023468,0.056059580296278,0.0060098376125097275,0.010453151538968086
1773333279.3767176,0.7566436519325679,0.012425290577285362,0.7338231205940247,0.06563743203878403,0.005996469408273697,0.010453281924128532
1773333279.5804892,0.7590598771025355,0.0201214537149737,0.7360260486602783,0.0743328332901001,0.006009804084897041,0.010460607707500458
1773333279.7761388,0.7646224572060293,0.028985305925170214,0.7399063110351562,0.08293440192937851,0.006010519340634346,0.010457368567585945
1773333279.9829788,0.7669486102138001,0.03727723174739599,0.7433801293373108,0.09220176935195923,0.0059853289276361465,0.010457204654812813
1773333280.2468083,0.7688822243389077,0.048055873600079374,0.7487360835075378,0.10511240363121033,0.005993485450744629,0.01046217605471611
1773333280.3849258,0.7674636273984555,0.052811639096531665,0.7514691948890686,0.11134402453899384,0.006013728678226471,0.010452942922711372
1773333280.5781825,0.7745616667495913,0.06073745201219239,0.7559936046600342,0.11869710683822632,0.005979261361062527,0.01045946218073368
1773333281.245894,0.7834427928566834,0.09084499525876837,0.7693704962730408,0.146165132522583,0.006004249677062035,0.01045488752424717
1773333281.3796184,0.7808778104448729,0.09604598535541956,0.7722548842430115,0.15239380300045013,0.006005346775054932,0.0104559026658535
1773333281.877417,0.7882741413017225,0.11776891461219946,0.779596209526062,0.1755893975496292,0.005989560857415199,0.01046331599354744
1773333281.9885406,0.7936121183026542,0.1212236180598184,0.7812250852584839,0.18051791191101074,0.0059992168098688126,0.010459935292601585
1773333282.1852126,0.7966473052523356,0.1296486058329274,0.783575713634491,0.18966549634933472,0.00601622462272644,0.01046079769730568
1773333282.3857224,0.801022900658791,0.13789033617733687,0.7848052978515625,0.1991502195596695,0.006002204492688179,0.010457605123519897
1773333282.5875447,0.8050984915479132,0.14741899902403738,0.7863795161247253,0.2092534303665161,0.006000014021992683,0.010456942021846771
1773333282.7847962,0.8047691656169232,0.1548290901992655,0.7878016829490662,0.21725529432296753,0.006002508103847504,0.010455965995788574
1773333282.9869313,0.8060653010179103,0.16308640306588698,0.788649320602417,0.22667481005191803,0.006005400791764259,0.01046065054833889
1773333283.1894994,0.8091343314362031,0.17201007903529397,0.7893916368484497,0.23654192686080933,0.005962556228041649,0.010464116930961609
1773333283.3889554,0.8089626648974909,0.18063317213488295,0.7889847159385681,0.24601925909519196,0.005991967394948006,0.010456308722496033
1773333283.5875363,0.8113032777690231,0.19030046244860813,0.7883592247962952,0.25639837980270386,0.005989972501993179,0.01045907661318779
1773333283.795392,0.810186064960835,0.19685096962817347,0.7877829074859619,0.26702991127967834,0.0060252901166677475,0.010458271950483322
1773333283.9881492,0.8108524487483416,0.20933815567197517,0.7869954109191895,0.2756255567073822,0.0059781502932310104,0.010454259812831879
1773333284.2273479,0.807748929705063,0.21828653418690241,0.7851610779762268,0.28644371032714844,0.005985702387988567,0.010453062132000923
1773333284.3908646,0.8040127546902955,0.2274376767159925,0.7840656042098999,0.29443326592445374,0.006003560498356819,0.01045682467520237
1773333284.635463,0.8016436994088557,0.2379096854513245,0.7806699872016907,0.30579447746276855,0.005992567166686058,0.010457558557391167
1773333284.8697948,0.7988304404433061,0.2414848261330911,0.7779967188835144,0.3159058690071106,0.005993722006678581,0.010452579706907272
1773333284.9983418,0.7959518782129352,0.2533949508390038,0.7764289379119873,0.32166844606399536,0.006005523726344109,0.010461598634719849
1773333285.194825,0.7948170108090785,0.2618740375191759,0.7732702493667603,0.3296132981777191,0.0060186926275491714,0.010458109900355339
1773333285.391477,0.7912550820470249,0.2709772187305656,0.7693802118301392,0.33893027901649475,0.005987575277686119,0.010457372292876244
1773333285.5919538,0.7884617831603196,0.2799772690186226,0.7659872174263,0.347504198551178,0.0060103293508291245,0.010453850030899048
1773333285.7976089,0.7840342468945884,0.28732633071092806,0.7614147067070007,0.3560279607772827,0.00601876899600029,0.01045696809887886
1773333285.9988155,0.7783532578441679,0.29638491896806535,0.7570528388023376,0.36484047770500183,0.005980535410344601,0.010454338043928146
1773333286.195557,0.7761032227963633,0.3027443641964185,0.7521853446960449,0.3735821545124054,0.00599529966711998,0.010453566908836365
1773333286.3970249,0.7703024175023887,0.31229642485662423,0.7481271624565125,0.38179948925971985,0.0059926267713308334,0.010453132912516594
1773333286.6021492,0.765084581729735,0.31800351920348247,0.7422459721565247,0.38911908864974976,0.0059874411672353745,0.010452354326844215
1773333286.8022861,0.7586338414002782,0.325066064077629,0.7368281483650208,0.39694535732269287,0.006038110703229904,0.010450636968016624
1773333287.014419,0.7574263846090479,0.3311255634271983,0.7299954295158386,0.4050210416316986,0.005996661260724068,0.01045708917081356
1773333287.201788,0.7496034833478271,0.3366657416813212,0.7249844074249268,0.4110625684261322,0.0059992000460624695,0.01045503094792366
1773333287.4052567,0.7448344930286545,0.34333331593332383,0.7179542183876038,0.41815847158432007,0.005997201427817345,0.0104571133852005
1773333287.6045241,0.7353369915405418,0.3478618351762444,0.7115664482116699,0.4246671497821808,0.005994688719511032,0.010459469631314278
1773333287.8166916,0.7283509017380617,0.3563250225677362,0.7043566703796387,0.43186286091804504,0.006014803424477577,0.010461606085300446
1773333288.0082612,0.7232063037659605,0.362246226682916,0.697575032711029,0.4383240044116974,0.00598076730966568,0.010457117110490799
1773333288.2095122,0.7155863181707426,0.3684267297789678,0.6891272664070129,0.44438791275024414,0.006014103069901466,0.01045297086238861
1773333288.4082878,0.7089320124878101,0.37430019593152225,0.6772777438163757,0.451811283826828,0.005971088074147701,0.010463360697031021
1773333288.6086864,0.7011052515822686,0.38731292379243665,0.6652445793151855,0.46032509207725525,0.005969798192381859,0.010455677285790443
1773333288.8386257,0.6916813655845654,0.39832731659524234,0.6489073634147644,0.4694406986236572,0.0059836246073246,0.010453471913933754
1773333289.0204513,0.6843754953105748,0.40667891159744735,0.6373060941696167,0.47615575790405273,0.0059980954974889755,0.010460153222084045
1773333289.2320828,0.6713956169118359,0.4195186371643611,0.622796893119812,0.48440390825271606,0.006023850291967392,0.010452086105942726
1773333289.6413717,0.645238935627951,0.4363651603472178,0.5954414010047913,0.5013864040374756,0.006020296365022659,0.010453658178448677
1773333289.814767,0.6319099717421712,0.4438409061345705,0.5835903882980347,0.5081267952919006,0.006006557494401932,0.010458124801516533
1773333290.0213642,0.6286610652537914,0.4473583555045648,0.5700445175170898,0.5150555968284607,0.005992414429783821,0.010454423725605011
1773333290.2185068,0.6101099594680968,0.4551845372567406,0.5569038987159729,0.5228828191757202,0.005985774099826813,0.010454736649990082
1773333290.456669,0.5939527242768465,0.4625188970154972,0.5401837825775146,0.5323681831359863,0.006017481908202171,0.010457679629325867
1773333290.6412387,0.5807227649617679,0.4713525604941347,0.5269633531570435,0.5396396517753601,0.006012819707393646,0.010452914983034134
1773333290.8196232,0.5619906173018102,0.48193747104882473,0.51539146900177,0.5457261204719543,0.005981089547276497,0.010457772761583328
1773333291.0196948,0.5461993660690976,0.4911713983399583,0.501809298992157,0.5530245304107666,0.005996745079755783,0.010454829782247543
1773333291.2200427,0.5342271989769855,0.5013883244010585,0.48920661211013794,0.5610127449035645,0.006011994555592537,0.01045585609972477
1773333291.4276147,0.5244261555397859,0.5088134836966284,0.4738483726978302,0.5697159767150879,0.006004411727190018,0.010456262156367302
1773333291.6217878,0.5090142237051144,0.5197385587674096,0.4608655273914337,0.5768089294433594,0.00602232851088047,0.01046050526201725
1773333291.8235755,0.49588947439675235,0.5294441622700755,0.4476718306541443,0.5842709541320801,0.006027635186910629,0.010459855198860168
1773333292.024388,0.4879633116894086,0.5382608596277204,0.43331050872802734,0.592257022857666,0.006007814779877663,0.01045069471001625
1773333292.254326,0.47772798248529963,0.5484128250246497,0.41825470328330994,0.6014237403869629,0.0059983618557453156,0.010455280542373657
1773333292.4259634,0.4690744314989564,0.5568871990886107,0.40605106949806213,0.6081287264823914,0.006009550765156746,0.010453984141349792
1773333292.8244958,0.4418678178166201,0.5756279838572801,0.3800429701805115,0.623454213142395,0.0060251448303461075,0.01045135222375393
1773333293.0305665,0.42353634967201537,0.5869492618378627,0.36592376232147217,0.6314850449562073,0.005997238680720329,0.010454634204506874
1773333293.2245767,0.4096249462700302,0.5965382894956263,0.3518185019493103,0.6390350461006165,0.005997896194458008,0.010452909395098686
1773333293.4970443,0.3943894045131806,0.6056309371370512,0.335045725107193,0.6482065320014954,0.0059888409450650215,0.010449737310409546
1773333293.6706214,0.3859463632276134,0.6136338433989771,0.32269856333732605,0.654209315776825,0.005991160869598389,0.010454554110765457
1773333293.8404217,0.3724700209764991,0.6202857946276029,0.31110844016075134,0.6592042446136475,0.005997251719236374,0.010459106415510178
1773333294.031478,0.3617868711295374,0.6254008410138943,0.29704633355140686,0.6651367545127869,0.0059981513768434525,0.010452080518007278
1773333294.2335572,0.3554234910422362,0.6318846964796597,0.282670259475708,0.6705870628356934,0.006007229909300804,0.010451896116137505
1773333294.433301,0.34487401213686786,0.6372009754732689,0.2674473524093628,0.6755664348602295,0.006018364802002907,0.010461749508976936
1773333294.6299808,0.3314970635466892,0.6448131469114338,0.252319872379303,0.6794822216033936,0.006000000983476639,0.010454738512635231
1773333294.8280444,0.3036452222576918,0.6568630783843586,0.2380511313676834,0.6828195452690125,0.006012560799717903,0.01045839861035347
1773333295.0304434,0.29449456541366076,0.6667104999051927,0.22316455841064453,0.6850501298904419,0.006010850891470909,0.010455496609210968
1773333295.2326531,0.27629272926594106,0.6703075531810386,0.2073192000389099,0.6877719163894653,0.005994681268930435,0.010454114526510239
1773333295.440786,0.2606909207534012,0.6713623740755214,0.19218266010284424,0.6895249485969543,0.006004622206091881,0.010453445836901665
1773333295.6298783,0.254590289839654,0.6739831596403354,0.17737090587615967,0.6905076503753662,0.006002234295010567,0.010459188371896744
1773333295.8307104,0.23894290872481763,0.6767262367736075,0.16288623213768005,0.6911129355430603,0.006030026823282242,0.010462870821356773
1773333296.0318542,0.22807066602938406,0.6787019443282482,0.14681558310985565,0.6915352940559387,0.006004635244607925,0.010455967858433723
1773333296.240632,0.21029698158964433,0.6811540580119653,0.13094864785671234,0.6901637315750122,0.006009101867675781,0.0104534812271595
1773333296.433227,0.1906848863232173,0.680396155068828,0.11559127271175385,0.6899657845497131,0.0060243140906095505,0.010458793491125107
1773333296.641286,0.1803157515890791,0.6810323153305621,0.10010652989149094,0.6875369548797607,0.006010651588439941,0.010453172028064728
1773333296.833491,0.16108349689687104,0.6804614430077242,0.08468503504991531,0.6851866245269775,0.006001254543662071,0.01045895740389824
1773333297.084996,0.14025494855632506,0.6772108827846546,0.06607170403003693,0.6817663311958313,0.00600682757794857,0.010454608127474785
1773333297.2636015,0.13175682149035067,0.6792447968943301,0.05277680605649948,0.6780059337615967,0.0060004014521837234,0.010451110079884529
1773333297.4353156,0.12035079466333491,0.6778539002463806,0.03945683687925339,0.6736479997634888,0.005989322438836098,0.010449673980474472
1773333297.634989,0.10742681019885218,0.6756352428684981,0.025513097643852234,0.6702674627304077,0.005986414849758148,0.010453442111611366
1773333297.835488,0.09043505081030057,0.673346381293915,0.00953972153365612,0.6652262806892395,0.0060117654502391815,0.010459929704666138
1773333298.0360208,0.07845038477839199,0.6721482887687913,-0.005509240087121725,0.6606969833374023,0.00599282793700695,0.010460302233695984
1773333298.2375197,0.06079411895620033,0.6682955545687741,-0.02050698921084404,0.6563808917999268,0.006012976169586182,0.010458627715706825
1773333298.4361548,0.04515193982791348,0.6657137704726255,-0.03490443900227547,0.651789128780365,0.006010487675666809,0.010458698496222496
1773333298.6396658,0.030809939295997527,0.6635074070135233,-0.05115821957588196,0.6472128033638,0.006002428010106087,0.010457059368491173
1773333298.8448887,0.016330779846887664,0.6605124449999727,-0.06778398156166077,0.6412051916122437,0.006006067618727684,0.010456383228302002
1773333299.043715,0.0009470381674347894,0.658321511588686,-0.08182061463594437,0.637572169303894,0.005991701036691666,0.010452188551425934
1773333299.300492,-0.01758038152196272,0.6566751928299805,-0.10166161507368088,0.6307031512260437,0.006007641553878784,0.010448809713125229
1773333299.4398396,-0.02890557830755264,0.6557726318738132,-0.11172366887331009,0.6277002692222595,0.005993470549583435,0.010456936433911324
1773333299.913371,-0.06488170767081186,0.6464426037070008,-0.1446581333875656,0.6170710921287537,0.006036046892404556,0.010461824014782906
1773333299.9163663,-0.06369979134168621,0.648153760730702,-0.1452023983001709,0.6169797778129578,0.006005892530083656,0.010458292439579964
1773333300.0427384,-0.06926906102575954,0.649688462895268,-0.15484054386615753,0.6144275665283203,0.005999177694320679,0.010454440489411354
1773333300.2514143,-0.0874784718860172,0.6456100125509883,-0.16992446780204773,0.6089196801185608,0.006021847948431969,0.010452760383486748
1773333300.4530885,-0.10303332372779711,0.6421817400167156,-0.1845269650220871,0.6043775081634521,0.005991719663143158,0.010457443073391914
1773333300.657635,-0.11878631084673039,0.6392706827521879,-0.2006904035806656,0.5997536182403564,0.006005419418215752,0.01045280322432518
1773333300.8423166,-0.13358190156727867,0.6354978637668686,-0.2134048044681549,0.5953296422958374,0.005992066115140915,0.01045689731836319
1773333301.0480912,-0.1490153352706752,0.6315259075080261,-0.22940431535243988,0.5902156829833984,0.005997056141495705,0.01045614667236805
1773333301.2450047,-0.1651919530432249,0.6280308023429623,-0.24427174031734467,0.5843691229820251,0.005993274971842766,0.010460413992404938
1773333301.4457586,-0.17978031243663395,0.6250374220829878,-0.2585276663303375,0.5797635316848755,0.005997825413942337,0.010461069643497467
1773333301.6546838,-0.19618864128429528,0.6218957292183703,-0.2740103006362915,0.5742260217666626,0.006012247875332832,0.01046043075621128
1773333301.8622978,-0.21143926703215446,0.6185515360786221,-0.2887488901615143,0.5693110227584839,0.0060036033391952515,0.010455599054694176
1773333302.0570512,-0.22783900847667082,0.6156208102294998,-0.30402305722236633,0.5645766854286194,0.005999566987156868,0.01045679859817028
1773333302.2538252,-0.24363546372908082,0.612030438797224,-0.318189799785614,0.5593001246452332,0.006018441170454025,0.010451311245560646
1773333302.4536219,-0.2584924501100192,0.6082822588540888,-0.3321194052696228,0.5549733638763428,0.006005043163895607,0.010454077273607254
1773333302.6517272,-0.27377875635606197,0.6041818729916006,-0.34739089012145996,0.5490800738334656,0.006010573357343674,0.010456927120685577
1773333302.851169,-0.2910049863200382,0.6002307308055076,-0.36361825466156006,0.5434079170227051,0.005982746370136738,0.010458476841449738
1773333303.0658224,-0.3068440725625282,0.5956108308217495,-0.3824637830257416,0.5368571281433105,0.005991792306303978,0.010455125942826271
1773333303.2610786,-0.3235471226219771,0.591522266373316,-0.3967788815498352,0.5325909852981567,0.005995001643896103,0.010460356250405312
1773333303.527987,-0.3485815211948894,0.5843048436667162,-0.41988658905029297,0.5249057412147522,0.005998259410262108,0.010447319597005844
1773333303.682139,-0.3611789299881938,0.5797973196749263,-0.4315728545188904,0.5208508968353271,0.0060100257396698,0.0104487594217062
1773333303.8593197,-0.37191261311609125,0.577356836439905,-0.445087730884552,0.5157245993614197,0.005996715277433395,0.010455137118697166
1773333304.0640671,-0.39003040096703223,0.5696376819609471,-0.46281126141548157,0.5091846585273743,0.006016287952661514,0.010458452627062798
1773333304.284463,-0.4111330567180352,0.5600370566537043,-0.480084091424942,0.5003555417060852,0.0062569063156843185,0.010555420070886612
1773333304.472637,-0.42656608665258544,0.5515558112237929,-0.49215641617774963,0.49398717284202576,0.005975552834570408,0.010456189513206482
1773333304.8662052,-0.4396815156283168,0.5455233435037412,-0.5221260786056519,0.47488680481910706,0.005977828986942768,0.010458029806613922
1773333305.0704231,-0.4653021199076915,0.5361271564165438,-0.5341436266899109,0.4652906358242035,0.005986355245113373,0.010462850332260132
1773333305.4628139,-0.49802642953268134,0.5046875486107903,-0.5584678053855896,0.4431203305721283,0.005997955799102783,0.010464264079928398
1773333305.864454,-0.5204015218167307,0.4782217362330205,-0.5825719237327576,0.4154696464538574,0.006009656935930252,0.010456932708621025
1773333306.0675926,-0.5361744297977702,0.46232681150801685,-0.5919541716575623,0.40327244997024536,0.006001537665724754,0.010450316593050957
1773333306.4653919,-0.5501971653609129,0.43509163118699407,-0.6109292507171631,0.3729427754878998,0.005995791405439377,0.010442642495036125
1773333306.6723337,-0.5603853877080828,0.42055055632592037,-0.6177575588226318,0.358465313911438,0.00598825141787529,0.01045750267803669
1773333307.8685849,-0.5939077137500567,0.31574592702900056,-0.647538423538208,0.26051607728004456,0.005992097780108452,0.0104607492685318
1773333308.3148787,-0.6005236867387999,0.2920027722698841,-0.6496191620826721,0.22221261262893677,0.005998305976390839,0.010454170405864716
1773333308.4724708,-0.604121229943394,0.27298230892443537,-0.650429904460907,0.20982477068901062,0.006012236699461937,0.010461375117301941
1773333308.6697152,-0.6069535348623292,0.2531032918236171,-0.6495717763900757,0.19258438050746918,0.005979055538773537,0.010451557114720345
1773333308.8719687,-0.6085558558968331,0.242889332781492,-0.6475964188575745,0.17478959262371063,0.005993610247969627,0.010451992973685265
1773333309.0740507,-0.6073207138402118,0.22777736428113618,-0.6447263360023499,0.158199742436409,0.00599527545273304,0.01045825332403183
1773333309.274419,-0.6072792905547592,0.208042690682049,-0.6409770250320435,0.14101125299930573,0.005987847223877907,0.010460242629051208
1773333309.476294,-0.6041206713317032,0.19159655955018207,-0.635679304599762,0.12336569279432297,0.006020994856953621,0.010459959506988525
1773333309.7684891,-0.6028253866718154,0.1774328825997487,-0.6277993321418762,0.10089588165283203,0.006008695811033249,0.010462354868650436
1773333309.9744432,-0.598180502139025,0.159796708062427,-0.6206628680229187,0.08419881016016006,0.005970858037471771,0.010453835129737854
1773333310.08505,-0.5943600931026433,0.14787079069637388,-0.6157261729240417,0.07568617165088654,0.006283700466156006,0.010561291128396988
1773333310.2788496,-0.5898606877562773,0.1340368145553923,-0.6081180572509766,0.06099487841129303,0.005998594686388969,0.01045493595302105
1773333310.4779198,-0.5848169588306347,0.12301915335252585,-0.5992202758789062,0.04709191992878914,0.005998076871037483,0.010453123599290848
1773333310.679888,-0.5783417539328413,0.10818668730531635,-0.5888876914978027,0.031354498118162155,0.006015175953507423,0.010458003729581833
1773333310.8846483,-0.5705449530616445,0.0941914898219181,-0.5781780481338501,0.017881562933325768,0.00601440854370594,0.010460369288921356
1773333311.0826206,-0.5583117463991689,0.07663494315142656,-0.5673060417175293,0.005457882769405842,0.005993533879518509,0.010460056364536285
1773333311.2806134,-0.5515840071346436,0.0663969583882458,-0.5553708672523499,-0.006948377005755901,0.0060225725173950195,0.010468237102031708
1773333311.4798613,-0.536570030470604,0.05035964180386466,-0.5419491529464722,-0.01919710636138916,0.00601356104016304,0.010458717122673988
1773333311.6807048,-0.530168148714608,0.041697255546878094,-0.5296371579170227,-0.029796503484249115,0.006013173609972,0.01046271063387394
1773333311.9207706,-0.5111103106444507,0.02651775683789556,-0.5131791234016418,-0.04167989641427994,0.0060110390186309814,0.01045224443078041
1773333312.0833752,-0.50252809146869,0.019107497280887856,-0.505410373210907,-0.047021057456731796,0.006025269627571106,0.010458696633577347
1773333312.2845342,-0.5011973655635352,0.015130706002407578,-0.5045597553253174,-0.04737754538655281,0.0059790899977087975,0.010455003008246422
1773333312.4826984,-0.5041129777066655,0.01414135099737088,-0.5045390129089355,-0.04738280177116394,0.0060198381543159485,0.010452531278133392
1773333312.6850698,-0.5067998069042964,0.01291678596179139,-0.5045378804206848,-0.0473828986287117,0.006322365254163742,0.01057501882314682
1773333312.884385,-0.5093575415797769,0.011819503224165587,-0.5045379400253296,-0.047384049743413925,0.006002437323331833,0.010455485433340073
1773333313.0932903,-0.5110703090009786,0.011260401283474013,-0.5045401453971863,-0.04737529531121254,0.0060123056173324585,0.010452361777424812
1773333313.2842813,-0.5127902686391563,0.010761619537188079,-0.504540741443634,-0.04738105833530426,0.005988817662000656,0.010460451245307922
1773333313.486923,-0.5150247174630485,0.009827469393885324,-0.5045374035835266,-0.047385524958372116,0.0060094501823186874,0.0104672871530056
1773333313.6859033,-0.5162782641066211,0.009439472772327625,-0.5045388340950012,-0.047377169132232666,0.00598846934735775,0.010465158149600029
1773333313.911839,-0.5174353499173775,0.009078780044411495,-0.5045381188392639,-0.047373998910188675,0.006002457812428474,0.01045459508895874
1773333314.1219876,-0.5184646534372342,0.00875000814617392,-0.5045384168624878,-0.04737544804811478,0.00602329708635807,0.010461153462529182
1773333314.2888222,-0.5193883007809901,0.008472187319660988,-0.5045372843742371,-0.04738036170601845,0.005985252559185028,0.010467799380421638
1773333314.5832615,-0.5202302493622759,0.008187283413063757,-0.504535436630249,-0.047389447689056396,0.005995443090796471,0.01044921763241291
1773333314.6961436,-0.5211520198408631,0.007944023133931935,-0.5045424699783325,-0.04738340526819229,0.006010951474308968,0.01045641303062439
1773333315.0909028,-0.5222247070964166,0.008141115928883166,-0.5045347213745117,-0.04738525301218033,0.006005089730024338,0.010454701259732246
1773333315.3134978,-0.5231449652208096,0.007892789262762075,-0.5045379400253296,-0.04738131910562515,0.006017599254846573,0.01045425795018673
1773333315.5016472,-0.5240759634168747,0.007664031813081476,-0.5045421719551086,-0.04738588258624077,0.00603109784424305,0.01045590452849865
