timestamp,kf_x,kf_y,ekf_raw_x,ekf_raw_y,gt_x,gt_y,gt_tb1_x,gt_tb1_y
1773832166.5004747,-0.35835602449107273,-1.5422729995359743,-0.3559701880980456,-1.543816578424889,-0.35606929659843445,-1.5438178777694702,0.066685251891613,-1.5389196872711182
1773832166.77072,-0.36042290031466745,-1.5408257094409537,-0.35597018885076714,-1.5438165872248766,-0.35605111718177795,-1.5438205003738403,0.06666117161512375,-1.5389132499694824
1773832167.0115733,-0.36248405405834827,-1.5394714785446528,-0.3559690960237938,-1.5438038202686517,-0.3560847342014313,-1.5438263416290283,0.06666669994592667,-1.5389238595962524
1773832167.1736884,-0.3642239005724704,-1.5382424730351871,-0.3559699414155338,-1.5438136983715707,-0.35608750581741333,-1.5438340902328491,0.06667342036962509,-1.538912057876587
1773832167.4535415,-0.365875936745176,-1.5370745027576096,-0.3559711957578656,-1.5438283609804255,-0.35586750507354736,-1.5437827110290527,0.06664733588695526,-1.538920521736145
1773832167.5422218,-0.36754039979184433,-1.535966619472161,-0.35596918606158434,-1.5438048726305302,-0.3560725748538971,-1.5438295602798462,0.0666610598564148,-1.5389279127120972
1773832167.7191436,-0.3690660944308129,-1.5349757136200086,-0.3559705040606147,-1.5438202781615602,-0.35606926679611206,-1.5438158512115479,0.06666697561740875,-1.5389137268066406
1773832167.9093034,-0.3701597823813495,-1.5336562365154547,-0.35596943391343044,-1.543807775591985,-0.3560568690299988,-1.5438271760940552,0.06667348742485046,-1.5389208793640137
1773832168.1104703,-0.37143132773727733,-1.5327902963164561,-0.3559707900902411,-1.543823616613293,-0.35606062412261963,-1.543813943862915,0.066675566136837,-1.5389180183410645
1773832168.308573,-0.37278579769671566,-1.5319330205365647,-0.35596869652086516,-1.543799143608757,-0.3560713827610016,-1.5438134670257568,0.0666721910238266,-1.5389111042022705
1773832168.5067325,-0.37406006286227944,-1.5311746375414714,-0.3559712414497556,-1.5438288905852315,-0.35607966780662537,-1.5438239574432373,0.0666591078042984,-1.5389235019683838
1773832168.707554,-0.3752459911349083,-1.5304149188898066,-0.35597016864436865,-1.5438163589077472,-0.35608261823654175,-1.5438274145126343,0.06665602326393127,-1.538920283317566
1773832168.9093122,-0.37605884091433306,-1.5295552973981728,-0.3559718129650944,-1.5438355798860055,-0.35607510805130005,-1.5438170433044434,0.06665924191474915,-1.5389224290847778
1773832169.110596,-0.37714783830573667,-1.5288886628442337,-0.3559718129650949,-1.5438355798860115,-0.35607966780662537,-1.5438177585601807,0.06666644662618637,-1.5389195680618286
1773832169.310115,-0.378217729703844,-1.528068802695526,-0.3559708882784516,-1.5438247608738163,-0.356077641248703,-1.5438233613967896,0.06665769219398499,-1.5389269590377808
1773832169.5111833,-0.3791288987578611,-1.5274492936764532,-0.3559696254401774,-1.5438100073120915,-0.3560759723186493,-1.543813705444336,0.06667202711105347,-1.5389257669448853
1773832169.714581,-0.38008736923682934,-1.5268925154440156,-0.3559705274999167,-1.5438205468233852,-0.35607632994651794,-1.5438117980957031,0.06665796041488647,-1.5389167070388794
1773832169.913459,-0.38101659941096927,-1.5263398271943556,-0.3559695435319267,-1.5438090462027032,-0.35607877373695374,-1.5438073873519897,0.06666120141744614,-1.5389169454574585
1773832170.1135247,-0.3818912263837847,-1.5258128129922055,-0.3559684816330987,-1.5437966465444894,-0.35607796907424927,-1.5438028573989868,0.06667785346508026,-1.538923978805542
1773832170.3168495,-0.380902345884405,-1.525191199460598,-0.3559678100020541,-1.5437888353178224,-0.35566455125808716,-1.5412201881408691,0.06666318327188492,-1.5389305353164673
1773832170.5134673,-0.38138149360987605,-1.5207854468478714,-0.3556462498100511,-1.5400222118795583,-0.3555052876472473,-1.5359947681427002,0.06671810150146484,-1.5383868217468262
1773832170.715715,-0.3811108962522336,-1.5138644708201379,-0.35511160764086297,-1.5337872969182416,-0.3546687960624695,-1.530401587486267,0.0667339637875557,-1.5338212251663208
1773832170.9161026,-0.38080183969149495,-1.507800002328248,-0.35463274422983593,-1.5282023232828084,-0.3546452224254608,-1.5251728296279907,0.06636415421962738,-1.5276185274124146
1773832171.117974,-0.3797817082678569,-1.5017930283769008,-0.35412305819537665,-1.5223663963469956,-0.3545200526714325,-1.519019603729248,0.0666077584028244,-1.52162766456604
1773832171.3359306,-0.3793753434930155,-1.4939451199074532,-0.3534708644807787,-1.514900970797248,-0.3539826571941376,-1.513105034828186,0.06653958559036255,-1.5161261558532715
1773832171.5174603,-0.3794154144873518,-1.4886922817008181,-0.35305713089821184,-1.5101713792253941,-0.35418403148651123,-1.5072519779205322,0.0670267716050148,-1.5105342864990234
1773832171.7178679,-0.3793186520264627,-1.4839265213636708,-0.3526849949703227,-1.50595000543694,-0.35339468717575073,-1.5014126300811768,0.0665808618068695,-1.5048366785049438
1773832171.9214323,-0.37894751303255675,-1.4746311788905628,-0.351907001655185,-1.4970350375891655,-0.35316774249076843,-1.4953211545944214,0.06703156977891922,-1.4992026090621948
1773832172.1188831,-0.37754711287996967,-1.4684296519670565,-0.35137262393923424,-1.4910011948597315,-0.35265395045280457,-1.490058422088623,0.06703611463308334,-1.4929612874984741
1773832172.320886,-0.3780975767939096,-1.4651353551709005,-0.35111189617032756,-1.4880744206609444,-0.3528476059436798,-1.4844681024551392,0.06698890030384064,-1.4870007038116455
1773832172.5218446,-0.3778176065734872,-1.4557330571715152,-0.35029351032883405,-1.4790230566907057,-0.3524278700351715,-1.4781146049499512,0.06687478721141815,-1.4817140102386475
1773832172.7215354,-0.37767444974832115,-1.449358524121578,-0.34974661027310566,-1.4730158376593194,-0.35244813561439514,-1.472319483757019,0.06699901819229126,-1.476122260093689
1773832172.9242253,-0.3775403318891936,-1.4432230225749794,-0.34920955974334505,-1.467224556180011,-0.35209840536117554,-1.466051459312439,0.06722728908061981,-1.4700902700424194
1773832173.1219127,-0.3773311504878266,-1.4364955296682491,-0.34862976421867264,-1.46086393355699,-0.35141685605049133,-1.460039496421814,0.06696974486112595,-1.4643274545669556
1773832173.3224766,-0.3771535940258307,-1.430021560576238,-0.3480697847556389,-1.454712793649525,-0.3513314425945282,-1.4544864892959595,0.06743836402893066,-1.458040475845337
1773832173.5250683,-0.3771116709978778,-1.4239513958413597,-0.347544756199518,-1.448993881305233,-0.35087117552757263,-1.448779582977295,0.06712177395820618,-1.4519044160842896
1773832173.724416,-0.37726074832194484,-1.417660744615679,-0.3469797382774893,-1.442865637044895,-0.35095828771591187,-1.4426265954971313,0.0675879716873169,-1.4464106559753418
1773832173.9265318,-0.37710526170902325,-1.4114682404053691,-0.3464361683992537,-1.436972962076207,-0.3505055904388428,-1.4360207319259644,0.06703422963619232,-1.4405078887939453
1773832174.1254716,-0.3769927515136126,-1.4053867587789755,-0.34590826092328375,-1.4313133740140953,-0.3506682515144348,-1.4304413795471191,0.06742265075445175,-1.4350494146347046
1773832174.3260815,-0.3767670924287191,-1.3985189766859483,-0.3453016523195111,-1.42482464332249,-0.34975507855415344,-1.4245182275772095,0.06714972108602524,-1.4288790225982666
1773832174.5269892,-0.37663785488766127,-1.392269504614551,-0.34476566139383735,-1.4189514952625792,-0.3498869240283966,-1.4189817905426025,0.0672256201505661,-1.4229074716567993
1773832174.7279644,-0.37675899381938,-1.3860235915455832,-0.3442193410424278,-1.4129341992627062,-0.34926366806030273,-1.4128164052963257,0.06726978719234467,-1.4164868593215942
1773832174.927398,-0.3766037328207197,-1.3794334288198278,-0.34365860791852787,-1.406714064503554,-0.349327027797699,-1.4068734645843506,0.06740935146808624,-1.4112027883529663
1773832175.1282697,-0.3764550735318259,-1.3730179691123725,-0.3430958266779442,-1.400662133416303,-0.3489924967288971,-1.4002645015716553,0.06738071888685226,-1.405522346496582
1773832175.329957,-0.3761257951335589,-1.3669185943109732,-0.34256070719060866,-1.3949129455760143,-0.34876176714897156,-1.3945056200027466,0.06707586348056793,-1.3999124765396118
1773832175.532107,-0.376315660184139,-1.360368982760489,-0.34197887365524493,-1.3887112400379247,-0.3486083447933197,-1.3889503479003906,0.06748587638139725,-1.3939450979232788
1773832175.7323108,-0.3760514632670126,-1.3542791489181591,-0.3414358728633723,-1.3829400859213279,-0.3479650020599365,-1.3837645053863525,0.06695496290922165,-1.387940764427185
1773832175.9355733,-0.37585729386438876,-1.3483647638682623,-0.3409159545959045,-1.3773193175083875,-0.34784796833992004,-1.3781116008758545,0.06727059185504913,-1.3816490173339844
1773832176.1328268,-0.3755467666966672,-1.341885230806193,-0.34035558498469765,-1.3711053341757955,-0.3472157120704651,-1.3719085454940796,0.06692259013652802,-1.3763220310211182
1773832176.33306,-0.3754760814255467,-1.3357497373475062,-0.3398294064744707,-1.365239152627624,-0.34741660952568054,-1.3656487464904785,0.0672767162322998,-1.3708500862121582
1773832176.5334787,-0.37528213234116714,-1.3294304298617108,-0.33929355731914357,-1.3591696011081753,-0.3466571271419525,-1.3597238063812256,0.06694333255290985,-1.3650550842285156
1773832176.7336888,-0.37498377355898904,-1.3231095708799974,-0.3387668968263303,-1.3530662646097043,-0.34654903411865234,-1.3537976741790771,0.06704267859458923,-1.3595683574676514
1773832176.9342663,-0.3749699156513781,-1.3168265287285448,-0.33824240879360296,-1.3469967337180173,-0.34584805369377136,-1.3484998941421509,0.06715571880340576,-1.3534913063049316
1773832177.1349561,-0.37462427653884295,-1.3108422282606156,-0.3377388563395267,-1.3412293225701362,-0.34594810009002686,-1.3432925939559937,0.06676747649908066,-1.3471555709838867
1773832177.3375115,-0.3742633527318496,-1.3045093863404174,-0.3371972261916598,-1.3351122808245788,-0.345692902803421,-1.3366376161575317,0.06672053039073944,-1.3414851427078247
1773832177.5371625,-0.3737384434350027,-1.2983964822640428,-0.33668407146132895,-1.3293636997526201,-0.3453960716724396,-1.3308132886886597,0.06666640937328339,-1.3361916542053223
1773832177.738469,-0.37328493433918336,-1.2919517817094157,-0.336135549809243,-1.3232690773191425,-0.3453468978404999,-1.3248848915100098,0.06705605983734131,-1.3303478956222534
1773832177.9381578,-0.3728589498377671,-1.2858970853784177,-0.33562217298894154,-1.3175862980262742,-0.3444700539112091,-1.3191202878952026,0.06652642041444778,-1.3245972394943237
1773832178.139342,-0.3724564452151797,-1.2794596949211166,-0.3350761760422929,-1.3114836826760135,-0.34445545077323914,-1.313899040222168,0.06697867810726166,-1.3188503980636597
1773832178.3395953,-0.3721810111882976,-1.2733485761941303,-0.33454096509247816,-1.3055338801178855,-0.3439168632030487,-1.309012532234192,0.06676530838012695,-1.3125686645507812
1773832178.5403981,-0.371789060783335,-1.267414762395395,-0.3340388778467594,-1.2999188581869605,-0.344130277633667,-1.3026649951934814,0.06698990613222122,-1.3070067167282104
1773832178.741266,-0.3713664847275452,-1.260814227305231,-0.33346289398897766,-1.2935725965937936,-0.3434946835041046,-1.296311855316162,0.06670103222131729,-1.3015673160552979
1773832178.9419243,-0.37018889920088854,-1.2546837885261255,-0.33293071782157585,-1.2876761533446468,-0.34366029500961304,-1.2906607389450073,0.06686998158693314,-1.2961324453353882
1773832179.142647,-0.3700339535881131,-1.2483456289678654,-0.3323808899377061,-1.2817286351791837,-0.3431219756603241,-1.2843977212905884,0.0669165700674057,-1.2901257276535034
1773832179.347289,-0.3696206673427681,-1.2419963608973656,-0.33181164071123936,-1.275602830609281,-0.3427870571613312,-1.2786771059036255,0.06678978353738785,-1.2839690446853638
1773832179.7448022,-0.36887475689744853,-1.230118018419939,-0.3306872481267317,-1.263799237508421,-0.34214097261428833,-1.2681008577346802,0.06693875789642334,-1.272348165512085
1773832179.945865,-0.3679220617799411,-1.2241013735851,-0.33010391988795584,-1.2577230500235506,-0.3422129452228546,-1.2617146968841553,0.06736084073781967,-1.2667800188064575
1773832180.1461096,-0.3678815802143601,-1.218183524435942,-0.32954606793483365,-1.25190086811297,-0.3416341543197632,-1.2559219598770142,0.06686562299728394,-1.2610639333724976
1773832180.3468554,-0.3680214754424338,-1.212024975664655,-0.32897056045404327,-1.2458543855482385,-0.34162193536758423,-1.2494553327560425,0.0674373060464859,-1.2547656297683716
1773832180.547603,-0.3682053038729344,-1.206228664366804,-0.32843670186724366,-1.2401751316723983,-0.3404657244682312,-1.243688702583313,0.06704223901033401,-1.2488195896148682
1773832180.7474744,-0.3682671908752315,-1.199846192077981,-0.32785397677295786,-1.2338721812821365,-0.34073349833488464,-1.2388930320739746,0.06730179488658905,-1.2427459955215454
1773832180.952,-0.36830639920217284,-1.1939138389921422,-0.32730392590831975,-1.22802028868636,-0.33992451429367065,-1.2324535846710205,0.06722238659858704,-1.236709475517273
1773832181.1494915,-0.36839065934470283,-1.1877441767926218,-0.3267269231260019,-1.2218909752803804,-0.34002402424812317,-1.2267155647277832,0.06752795726060867,-1.231563687324524
1773832181.3502014,-0.3687083015765418,-1.1817045791828176,-0.3261675008264691,-1.2160010051822323,-0.33970722556114197,-1.220284342765808,0.06735540181398392,-1.2255501747131348
1773832181.550546,-0.36868688441230113,-1.1756424937616423,-0.32560191367840147,-1.2100532859623572,-0.3395034670829773,-1.214609146118164,0.06724979728460312,-1.21980881690979
1773832181.7505205,-0.3687518810312215,-1.169558997975328,-0.3250403528605569,-1.204115911478265,-0.3386215269565582,-1.2086317539215088,0.06763891130685806,-1.2137866020202637
1773832181.9514906,-0.3686112862133538,-1.1635732752750116,-0.32449409005862334,-1.1982580028152414,-0.3384069800376892,-1.2036993503570557,0.06707929074764252,-1.2074278593063354
1773832182.1517427,-0.36851328615759393,-1.1575266432820341,-0.3239255807834928,-1.1922773118570806,-0.33839040994644165,-1.1970611810684204,0.06751570850610733,-1.20134437084198
1773832182.3568456,-0.3685372805952321,-1.151462949513468,-0.3233564550218671,-1.1863298509486748,-0.33767521381378174,-1.191318392753601,0.06726713478565216,-1.1959748268127441
1773832182.5531995,-0.36862056398014365,-1.1455233610447986,-0.32279907283967746,-1.1804758620727234,-0.3377995193004608,-1.1851832866668701,0.06767439842224121,-1.1905672550201416
1773832182.7559974,-0.368705608556784,-1.1395340084027301,-0.32223406809877175,-1.1745433412489767,-0.3370472192764282,-1.1789363622665405,0.06724502146244049,-1.1847347021102905
1773832182.9574559,-0.3686392290664989,-1.1332065676024472,-0.32165847339957776,-1.1684193638225702,-0.3367365300655365,-1.1730225086212158,0.06738941371440887,-1.178670048713684
1773832183.1559572,-0.3686045219755294,-1.1271870328077418,-0.32111984786563574,-1.162592292128817,-0.3359745144844055,-1.168183445930481,0.06746731698513031,-1.172722339630127
1773832183.3568335,-0.3682431159432788,-1.1212177279592161,-0.32057847682108875,-1.156663747851379,-0.3361447751522064,-1.1620497703552246,0.06717979907989502,-1.1663347482681274
1773832183.5575874,-0.3682918355079202,-1.1149824654273086,-0.32000869505593277,-1.1504919085979741,-0.3355634808540344,-1.1556391716003418,0.06704998016357422,-1.160582184791565
1773832183.7575996,-0.36816249340826024,-1.109017667793551,-0.3194691701301144,-1.1445962013023292,-0.3354136049747467,-1.1500054597854614,0.06716132164001465,-1.1550666093826294
1773832183.9581773,-0.3683276864215754,-1.102711347380046,-0.3189101981350239,-1.1385233991125654,-0.3352797329425812,-1.1436090469360352,0.06745065748691559,-1.1491369009017944
1773832184.1588912,-0.3681526423916152,-1.0968868636741353,-0.31838055934400955,-1.1327560737292703,-0.3344341218471527,-1.138079285621643,0.06704865396022797,-1.1434406042099
1773832184.3601534,-0.36833182146968346,-1.0908644297697618,-0.3178398477654809,-1.1268152959702045,-0.3343588411808014,-1.1324882507324219,0.06744474172592163,-1.137244701385498
1773832184.5607433,-0.3681625180264381,-1.0847430280728085,-0.31727799121474926,-1.1207218595102286,-0.3339950740337372,-1.127503514289856,0.0669856145977974,-1.1308727264404297
1773832184.7612,-0.3682009281204057,-1.0793704368955044,-0.31678606969328355,-1.1154195780406746,-0.3341216742992401,-1.1213061809539795,0.06746482849121094,-1.1252351999282837
1773832184.961759,-0.36802505015648984,-1.0730957908323706,-0.31621127527528875,-1.109191904023537,-0.3332687318325043,-1.1155484914779663,0.06704968959093094,-1.1198374032974243
1773832185.1637301,-0.36802204971913477,-1.0671767094266797,-0.3156792577759147,-1.1033048768312168,-0.333355575799942,-1.109776496887207,0.06731625646352768,-1.1142007112503052
1773832185.363886,-0.3678021565643751,-1.060727600243175,-0.31510404632985933,-1.0969893402084614,-0.33247020840644836,-1.1036980152130127,0.06709222495555878,-1.108252763748169
1773832185.5642526,-0.3676551304865998,-1.054841511372935,-0.3145694456530005,-1.0910492432140362,-0.33246612548828125,-1.0979963541030884,0.06703725457191467,-1.102459192276001
1773832185.76453,-0.367731758095195,-1.0486687261922998,-0.3139991766610935,-1.0848451952546512,-0.33212810754776,-1.0926425457000732,0.06723794341087341,-1.0960476398468018
1773832185.9650512,-0.36744918312183533,-1.0430647922205487,-0.31347314358673434,-1.0792135851271314,-0.33207014203071594,-1.08680260181427,0.06708845496177673,-1.0905598402023315
1773832186.1660922,-0.36640760725227944,-1.0370294568383192,-0.3128815185673154,-1.07302525556309,-0.3317986726760864,-1.0809215307235718,0.06718214601278305,-1.0849336385726929
1773832186.3850622,-0.3661311807570302,-1.0311320095853822,-0.3123160181824006,-1.0671425138888688,-0.3312462866306305,-1.0743128061294556,0.06674391776323318,-1.0787184238433838
1773832186.5672176,-0.3660828997739539,-1.0253023669387507,-0.3117479269227632,-1.0612883802619402,-0.3310703635215759,-1.068875789642334,0.06718569993972778,-1.0731420516967773
1773832186.7673535,-0.36577842241160924,-1.0191111599537375,-0.3111563353023479,-1.0552580934848423,-0.33027100563049316,-1.063286304473877,0.0667414665222168,-1.067246913909912
1773832186.9681857,-0.36549575643216503,-1.0132049359479907,-0.3105792823672321,-1.0493414092207172,-0.33043158054351807,-1.0580512285232544,0.06698326021432877,-1.061012625694275
1773832187.1691682,-0.36505748195905213,-1.0072968905308761,-0.31000574865407887,-1.0434180319677933,-0.32973459362983704,-1.0517750978469849,0.0666436031460762,-1.0552937984466553
1773832187.370013,-0.3640538130749724,-1.0015734013635869,-0.30942884862401143,-1.037337757622156,-0.32977715134620667,-1.0459709167480469,0.06712770462036133,-1.050047755241394
1773832187.570297,-0.36379915157159504,-0.9953229085553159,-0.30884171028894974,-1.031153359214683,-0.3292829394340515,-1.0394693613052368,0.06692054867744446,-1.0442959070205688
1773832187.774998,-0.3635808442948965,-0.9889002604305063,-0.30824135593502855,-1.0248603859876302,-0.32926762104034424,-1.033575415611267,0.06677167862653732,-1.0382965803146362
1773832187.9723148,-0.36361204968028626,-0.9829914934994073,-0.3076850887158409,-1.0190955097669516,-0.32850635051727295,-1.0279765129089355,0.06709206104278564,-1.0320615768432617
1773832188.1736102,-0.3632601282342096,-0.9769357024479128,-0.3071021061726653,-1.0130298476371342,-0.3279357850551605,-1.0228362083435059,0.06670071929693222,-1.0259491205215454
1773832188.3729944,-0.3620587528324301,-0.9713561334959523,-0.3065507049864281,-1.007312870007308,-0.327675461769104,-1.016489863395691,0.06698942184448242,-1.0200815200805664
1773832188.5751212,-0.3616172058080294,-0.9653865461155613,-0.30597441455886976,-1.0013837824648475,-0.3272111713886261,-1.0110458135604858,0.06681928038597107,-1.0148357152938843
1773832188.774524,-0.361527653587118,-0.9594863755379439,-0.30540526982058025,-0.9955532718011788,-0.3272080421447754,-1.0048038959503174,0.06724419444799423,-1.0088343620300293
1773832188.9760556,-0.3613950178991955,-0.953456667856142,-0.3048190801393267,-0.9895832384848877,-0.3266523480415344,-0.9989445209503174,0.06676940619945526,-1.0030946731567383
1773832189.1763263,-0.36156602432574075,-0.9473868188371288,-0.3042320158985126,-0.983563461042154,-0.3263959288597107,-0.9932423830032349,0.0672624409198761,-0.9974334836006165
1773832189.381184,-0.3617585534061657,-0.9413832859411252,-0.30365113160192214,-0.9775685212171009,-0.3256034255027771,-0.9878115057945251,0.067237488925457,-0.9912061095237732
1773832189.5784464,-0.36067585634275606,-0.9356806735245498,-0.3030912490360227,-0.9717221254218925,-0.3256551921367645,-0.9820188283920288,0.06718216091394424,-0.985409140586853
1773832189.778036,-0.3606428630690856,-0.9295027375714532,-0.30251340481353595,-0.9656808095906658,-0.32503849267959595,-0.9762312769889832,0.06703769415616989,-0.980070948600769
1773832189.9785643,-0.3606132243542533,-0.9235868514358578,-0.3019696225945159,-0.9599070243103158,-0.3250106871128082,-0.9705215096473694,0.06703466922044754,-0.9744400978088379
1773832190.178454,-0.3607725802231538,-0.9175925405918164,-0.30139277680198384,-0.9538835727156825,-0.324642151594162,-0.9643679261207581,0.06712643057107925,-0.9687523245811462
1773832190.3798716,-0.3604863977902503,-0.9113997393805291,-0.30080274738686297,-0.9477095847387956,-0.32404035329818726,-0.9589012265205383,0.06680534780025482,-0.9631015062332153
1773832190.5817838,-0.36050931158353666,-0.9055302090161294,-0.30024769666288104,-0.9418479759168394,-0.323801726102829,-0.9535676836967468,0.06728234142065048,-0.9570134282112122
1773832190.7815921,-0.3602429912836419,-0.899531565190129,-0.2996779350683567,-0.9358181546315979,-0.3235592246055603,-0.9486973285675049,0.06687082350254059,-0.950836181640625
1773832190.9813633,-0.3601234509488382,-0.8933424699639734,-0.29908620098388616,-0.9295813620775687,-0.3233796954154968,-0.942175567150116,0.06723817437887192,-0.945263683795929
1773832191.1828222,-0.36008587168273304,-0.8872557655331318,-0.2985391154956379,-0.9236538899495261,-0.3226957321166992,-0.9365198612213135,0.0666377991437912,-0.9400725960731506
1773832191.3835428,-0.3600827942507707,-0.8812746787083472,-0.2979991207199398,-0.9178013033566462,-0.3228336274623871,-0.930506706237793,0.06695041060447693,-0.9345138669013977
1773832191.585091,-0.359956974033906,-0.8755135727072838,-0.2974757087297816,-0.912153788429289,-0.32176414132118225,-0.9249306917190552,0.0667528510093689,-0.9287541508674622
1773832191.7857826,-0.3599287996194461,-0.8693692289249954,-0.2969256097257416,-0.9060685299581889,-0.3217311501502991,-0.9199709892272949,0.06699006259441376,-0.9226022958755493
1773832191.985966,-0.3599318821625787,-0.8632680582775257,-0.2963771615450986,-0.9000216937570107,-0.32137253880500793,-0.9143447279930115,0.06695379316806793,-0.9162835478782654
1773832192.185587,-0.3597684235170359,-0.8576592042829322,-0.29585724649633965,-0.8943605406199922,-0.32136058807373047,-0.9089565277099609,0.06689493358135223,-0.9108783006668091
1773832192.3865347,-0.35953036075396766,-0.8500884216618505,-0.29516037061241657,-0.8866966288669829,-0.3211151659488678,-0.9020497798919678,0.0669313296675682,-0.9050177335739136
1773832192.5865471,-0.3590982191563993,-0.8443050572787021,-0.2946203706167601,-0.880765713245293,-0.32088184356689453,-0.896074116230011,0.06661947071552277,-0.8993471264839172
1773832192.7885861,-0.3590625402274539,-0.8383959009168647,-0.29407457605073073,-0.8749070889683888,-0.32031893730163574,-0.8905007243156433,0.0671175867319107,-0.8934845328330994
1773832192.98871,-0.35905114887406864,-0.8320624645076671,-0.2934929659668912,-0.8685515384727419,-0.3197171986103058,-0.8855090737342834,0.06686089187860489,-0.8872530460357666
1773832193.1924403,-0.3590840560198065,-0.8266567325452526,-0.29296447619042837,-0.8629928345239306,-0.31995001435279846,-0.8799262642860413,0.06708835065364838,-0.881253719329834
1773832193.4079046,-0.35870263497859617,-0.8203600698873657,-0.29233333460351063,-0.8565516714662954,-0.3192937672138214,-0.8738595843315125,0.06677910685539246,-0.8753265738487244
1773832193.5909183,-0.3586683752796808,-0.815031604445422,-0.2918068779662745,-0.8511206932705315,-0.3191608488559723,-0.8687391877174377,0.06709985435009003,-0.8706257343292236
1773832193.7906063,-0.3585086392749063,-0.8082234573795636,-0.29118537695906566,-0.844317153163782,-0.31869015097618103,-0.862244725227356,0.0669037476181984,-0.8649527430534363
1773832193.993401,-0.3584358740307459,-0.8025882061695254,-0.29068081503501875,-0.83862536445725,-0.318423867225647,-0.85691899061203,0.06696543097496033,-0.8592804074287415
1773832194.1932652,-0.3584220167677146,-0.7965922529533156,-0.29015554530448107,-0.8326216391127291,-0.31760939955711365,-0.8511266708374023,0.06753137707710266,-0.8530535101890564
1773832194.392967,-0.35836061034305705,-0.7904191572216978,-0.28960422734647473,-0.8264250711779703,-0.3177007734775543,-0.8456637859344482,0.06710290908813477,-0.8472170829772949
1773832194.5936077,-0.3583454376124837,-0.7844887333866608,-0.2890690694189312,-0.8205305865845315,-0.31752893328666687,-0.839579701423645,0.06709346175193787,-0.8413365483283997
1773832194.7943158,-0.3581469295291481,-0.7782749512459921,-0.2885079820880468,-0.8143552638517495,-0.31715795397758484,-0.8339914083480835,0.0669185072183609,-0.8359763026237488
1773832194.9947922,-0.3580245378706312,-0.7720239956210145,-0.28793949136338337,-0.8081494715770323,-0.31728804111480713,-0.8276188969612122,0.06727521121501923,-0.8301452994346619
1773832195.1964898,-0.3580656278164155,-0.7663932298977031,-0.2874249343393275,-0.8024791044949395,-0.3165498971939087,-0.8210248351097107,0.06676909327507019,-0.8237215280532837
1773832195.3967829,-0.35802294632643006,-0.7607939182448296,-0.28691368380985466,-0.7968682948799098,-0.31626564264297485,-0.8152807354927063,0.06737466901540756,-0.8180562853813171
1773832195.5968606,-0.3579707644846096,-0.7546738564190515,-0.28634714258287597,-0.7906898340862674,-0.3157828450202942,-0.8100395202636719,0.06720389425754547,-0.8119862079620361
1773832195.7976425,-0.35796253844945986,-0.7490114907144436,-0.28582860914109476,-0.7850305970907999,-0.31590211391448975,-0.8041983246803284,0.06710484623908997,-0.8061453700065613
1773832195.9989681,-0.3578512716497992,-0.7432407457911431,-0.28528679161090104,-0.7790305706768356,-0.31524938344955444,-0.7980108261108398,0.06678543984889984,-0.8007755279541016
1773832196.1992855,-0.3576524010502891,-0.7373242564937105,-0.284718455680933,-0.7726419909143255,-0.3154042661190033,-0.792079508304596,0.06686696410179138,-0.795077919960022
1773832196.4003124,-0.3577861944299563,-0.731557970185526,-0.28420095612970603,-0.7668539981863519,-0.3149547576904297,-0.7858777642250061,0.06681367009878159,-0.7892873883247375
1773832196.6014884,-0.35754755228432783,-0.7252853748862733,-0.28366174649373654,-0.7607901143214024,-0.3143131136894226,-0.7797226309776306,0.06677085161209106,-0.7834512591362
1773832196.801172,-0.3574011050004114,-0.718983750117438,-0.283106387075415,-0.7546035444895274,-0.31389644742012024,-0.7741901874542236,0.06716742366552353,-0.7775047421455383
1773832197.0018325,-0.3570346017952168,-0.7132522787630416,-0.28259164055676,-0.7489208431022468,-0.31366297602653503,-0.7687869668006897,0.06630314141511917,-0.7715274095535278
1773832197.2022622,-0.35680683697111787,-0.7071202477827674,-0.28204129980749904,-0.7428712658495534,-0.31370240449905396,-0.7626755237579346,0.0665423646569252,-0.766129732131958
1773832197.4032826,-0.35640497995610504,-0.7008074798046338,-0.28147745967097515,-0.7366624591605819,-0.313094824552536,-0.7568027377128601,0.06584437191486359,-0.760394811630249
1773832197.604059,-0.35632262482419963,-0.6953204057328216,-0.28098069591025887,-0.7311465889074626,-0.3131216764450073,-0.750850260257721,0.06616741418838501,-0.7546542882919312
1773832197.805806,-0.3559980228811725,-0.688835513453622,-0.2804154113787742,-0.7248291000988409,-0.31197088956832886,-0.7448093295097351,0.06603012979030609,-0.7485641837120056
1773832198.0065556,-0.3559763285469847,-0.6831046849195107,-0.2799303308765168,-0.7192291870728799,-0.3120582699775696,-0.7394222021102905,0.06629015505313873,-0.7427889704704285
1773832198.2086487,-0.35584405909994105,-0.6769796669157989,-0.27941442641239267,-0.7132080953671012,-0.31119170784950256,-0.7333755493164062,0.065926194190979,-0.7369785904884338
1773832198.4074373,-0.3555861254184721,-0.6710968931010588,-0.2789300141671853,-0.7074500465225257,-0.3111388087272644,-0.727689266204834,0.06602896749973297,-0.7315088510513306
1773832198.607184,-0.3554941764214521,-0.6650791245005726,-0.2784285911681994,-0.7015761504815136,-0.31088727712631226,-0.7215129733085632,0.06566929072141647,-0.7259676456451416
1773832198.8081489,-0.35496961266027754,-0.6589584296682075,-0.277903062591171,-0.6955898259550801,-0.31071847677230835,-0.7160117030143738,0.06526775658130646,-0.7202802896499634
1773832199.0086184,-0.35482970528381413,-0.652651492881413,-0.2773405290263604,-0.6893897866244136,-0.31034862995147705,-0.7101776003837585,0.06570202112197876,-0.7137222290039062
1773832199.209499,-0.35450710634815114,-0.6468363724331992,-0.276838649667535,-0.6837062393755308,-0.30978432297706604,-0.7045527696609497,0.06525120884180069,-0.7075379490852356
1773832199.4101546,-0.3544036716192614,-0.6408495003096386,-0.2763139052627127,-0.6776968084686551,-0.309642493724823,-0.6987610459327698,0.06546324491500854,-0.7018828392028809
1773832199.6107686,-0.35397566154203386,-0.6344905938666073,-0.27577086300946735,-0.6714679554119395,-0.3090296685695648,-0.6928961873054504,0.06493259966373444,-0.69651859998703
1773832199.810854,-0.3538302010398861,-0.628868284991778,-0.27528733649894843,-0.6659848763182292,-0.30934128165245056,-0.6870313882827759,0.06525542587041855,-0.6912308931350708
1773832200.0122416,-0.3536049705317383,-0.6225350158315894,-0.27470785325286257,-0.6597680361702861,-0.3084091246128082,-0.6806868314743042,0.0648404061794281,-0.6853225827217102
1773832200.2136953,-0.35351259568069776,-0.61673314585624,-0.27417903104851055,-0.654041777024668,-0.3085799217224121,-0.6753683686256409,0.06502276659011841,-0.6790379285812378
1773832200.4136527,-0.3533333223555997,-0.6105099474005012,-0.27360219498333216,-0.6478608589768419,-0.3076467514038086,-0.6696557402610779,0.06497417390346527,-0.672995924949646
1773832200.6149518,-0.3530254905224037,-0.6045940420586694,-0.27307464091557104,-0.6420017561222182,-0.30778414011001587,-0.6643660664558411,0.06461995095014572,-0.6670357584953308
1773832200.8157098,-0.3528911655711397,-0.5987124725994732,-0.2725458380410104,-0.6361509842927224,-0.3074742555618286,-0.6583927869796753,0.06458859145641327,-0.6617190837860107
1773832201.0155532,-0.3526589762660896,-0.5927563780141097,-0.27200986398354665,-0.6302594716671907,-0.30748963356018066,-0.6522091031074524,0.06449611485004425,-0.656446099281311
1773832201.2154262,-0.35253727795543255,-0.5862475348311014,-0.2713909242945086,-0.6238288483426763,-0.3072766065597534,-0.6459788084030151,0.0645526573061943,-0.6505898833274841
1773832201.4171019,-0.3522803642933707,-0.580334914788145,-0.2708350097385721,-0.6179648642577482,-0.30657958984375,-0.6399098634719849,0.06417377293109894,-0.6435852646827698
1773832201.617813,-0.3520107247119913,-0.5744400880375448,-0.2702833784037968,-0.6121422747449767,-0.3062686324119568,-0.6345630884170532,0.0645831823348999,-0.6375645399093628
1773832201.8179872,-0.3516980819570976,-0.5685007874072963,-0.2697113942287496,-0.6061478364994936,-0.30590730905532837,-0.6293884515762329,0.06387828290462494,-0.6317622065544128
1773832202.0187194,-0.35168036777007833,-0.5627142787630182,-0.26915239113789435,-0.6002905268055316,-0.3061584532260895,-0.6235137581825256,0.06410771608352661,-0.6265738010406494
1773832202.219512,-0.35141836604741494,-0.5569404856594437,-0.2686025942308875,-0.5946303079401302,-0.30557236075401306,-0.6168412566184998,0.06381537765264511,-0.6209517121315002
1773832202.4202511,-0.3512098646372547,-0.5508077104513853,-0.26801760198544133,-0.5886051359249311,-0.3058292269706726,-0.6109123826026917,0.06377296894788742,-0.6154019832611084
1773832202.621554,-0.35106388108756326,-0.5446140450749515,-0.26742887884879146,-0.5824952615505075,-0.30525675415992737,-0.6048280000686646,0.0637747198343277,-0.6089134216308594
1773832202.8230276,-0.3508751845571229,-0.5386307138638302,-0.26687328671010707,-0.5766044241170817,-0.3048819601535797,-0.5995986461639404,0.06365636736154556,-0.6030006408691406
1773832203.0226393,-0.35080314662385886,-0.5326891691734761,-0.2663105449815488,-0.5706038400572996,-0.3044659197330475,-0.5943217277526855,0.06368375569581985,-0.5971648097038269
1773832203.223294,-0.35064341229926316,-0.5269693578254021,-0.26576975738442277,-0.5648416966297299,-0.3043714463710785,-0.5885424613952637,0.06330274045467377,-0.59180748462677
1773832203.4239528,-0.35054387234838996,-0.5205102245568216,-0.26515367746880936,-0.5584700618710721,-0.30439653992652893,-0.5817757844924927,0.06344932317733765,-0.5863214135169983
1773832203.6234982,-0.35015056326714583,-0.5143528941298321,-0.2645450767744037,-0.5523985383116384,-0.30392709374427795,-0.5759568214416504,0.06288319826126099,-0.5805237293243408
1773832203.8253179,-0.3491178093849099,-0.5082592824763288,-0.2639356185798908,-0.5463222291961979,-0.30386605858802795,-0.5700857639312744,0.06331220269203186,-0.574340283870697
1773832204.0252109,-0.34905246698762166,-0.5021864881941734,-0.2633166007431724,-0.5401666906208418,-0.3025999665260315,-0.5642677545547485,0.06293393671512604,-0.5682525634765625
1773832204.2266214,-0.3490837543508255,-0.4967078656244359,-0.2627633366868485,-0.5346269474194085,-0.3028804659843445,-0.5593144297599792,0.0631241723895073,-0.5621907711029053
1773832204.4268467,-0.348687035597416,-0.49044297405949433,-0.2621182588242101,-0.5283071865985196,-0.3020861744880676,-0.5535781383514404,0.06257325410842896,-0.5561168193817139
1773832204.6280935,-0.3486623430069083,-0.4848082171028802,-0.2615609589218434,-0.5227568122698862,-0.30205443501472473,-0.5473875403404236,0.0628669485449791,-0.5513430833816528
1773832204.8284788,-0.3485776682986293,-0.4787533351350745,-0.2609586994384198,-0.5168010196005226,-0.3017269968986511,-0.5406723618507385,0.06251963973045349,-0.5457526445388794
1773832205.0292256,-0.3483165312154806,-0.47208169126285315,-0.26030240587425324,-0.5101484029604471,-0.30156710743904114,-0.534983217716217,0.06242568790912628,-0.5393833518028259
1773832205.2325356,-0.3483193977073967,-0.46653489644502827,-0.25976212842450547,-0.5046603339916578,-0.30065351724624634,-0.5291382670402527,0.06261369585990906,-0.5332908034324646
1773832205.4311254,-0.34806534522459226,-0.4606377192808278,-0.2591942212794818,-0.4988060692369334,-0.30024921894073486,-0.5243450999259949,0.06219343841075897,-0.527596116065979
1773832205.631304,-0.3479900712098698,-0.4543254311833096,-0.25855947917426125,-0.4924040817865638,-0.3002607524394989,-0.5184047222137451,0.062201544642448425,-0.5211400389671326
1773832205.8325028,-0.3478454459941041,-0.4486050262780744,-0.2579932413518378,-0.48674861809552805,-0.2994549870491028,-0.5122290849685669,0.061980120837688446,-0.5165989398956299
1773832206.0324829,-0.34763765552116055,-0.44240162505822367,-0.2573810216019803,-0.4806238324915113,-0.29956716299057007,-0.5062050819396973,0.06219678372144699,-0.511029064655304
1773832206.233061,-0.347433231045768,-0.4362683158157948,-0.2567719073733914,-0.4745839029963028,-0.29896703362464905,-0.5000728368759155,0.061662457883358,-0.5044541358947754
1773832206.4334676,-0.34743865002963753,-0.4308293074804467,-0.2562183981333397,-0.46911407086948387,-0.29864445328712463,-0.494356244802475,0.06199871748685837,-0.4983237385749817
1773832206.6345654,-0.34712980082019407,-0.42451541672383175,-0.2555895456696793,-0.46286267753602806,-0.2976821959018707,-0.4891011416912079,0.061751287430524826,-0.49223020672798157
1773832206.8388262,-0.34673971594910097,-0.4185306815014322,-0.254983079580787,-0.4567794828095073,-0.29786646366119385,-0.48392635583877563,0.06145579740405083,-0.48590072989463806
1773832207.2364194,-0.3460369138132638,-0.40659399564757337,-0.25378480809366666,-0.44483769840912424,-0.29705965518951416,-0.4720158874988556,0.06128871440887451,-0.4761209785938263
1773832207.437384,-0.3459287133015955,-0.4008447124870328,-0.25320105988291053,-0.4390677193286341,-0.2970002293586731,-0.4651888906955719,0.06146940588951111,-0.46939149498939514
1773832207.639894,-0.34549400884930986,-0.39457165271316785,-0.2525680361254951,-0.4328816684801591,-0.2959709167480469,-0.45972612500190735,0.06102984398603439,-0.46341007947921753
1773832207.839762,-0.3452048977609329,-0.3886511373564741,-0.25196584538893146,-0.4269478115381802,-0.2956954538822174,-0.45378008484840393,0.06146254390478134,-0.457173228263855
1773832208.0395892,-0.3449221175059582,-0.3827727071048283,-0.25134798976605677,-0.420951044942911,-0.29533955454826355,-0.4493568539619446,0.0606863871216774,-0.4511345624923706
1773832208.2422545,-0.34470393615702155,-0.3769865224935028,-0.2507535121787609,-0.4152121954824912,-0.2953331768512726,-0.44282838702201843,0.06107616424560547,-0.44593551754951477
1773832208.4406586,-0.34461240942526533,-0.37123593115555603,-0.25015810436265296,-0.4093849513815022,-0.29446038603782654,-0.43713444471359253,0.060361772775650024,-0.44060924649238586
1773832208.6411285,-0.34425949568995534,-0.3655521398931157,-0.24956822797609945,-0.4035509346612447,-0.29458028078079224,-0.43123459815979004,0.060664065182209015,-0.4345954656600952
1773832208.8415725,-0.3437452728119695,-0.35906555950839325,-0.24888600666569516,-0.3968775561130917,-0.2935760021209717,-0.42541366815567017,0.06044122576713562,-0.4282919466495514
1773832209.0432801,-0.3434767101464679,-0.35328597157679614,-0.24830289978525394,-0.39107267396446055,-0.29332679510116577,-0.41945788264274597,0.06060289964079857,-0.4221678376197815
1773832209.2439063,-0.34322991289473537,-0.34719981209443845,-0.24768923890893985,-0.3849606125448133,-0.29277288913726807,-0.41463688015937805,0.060415808111429214,-0.41655105352401733
1773832209.4446278,-0.34295858395135737,-0.3415771203680191,-0.24710070298381615,-0.37908246706173854,-0.29261380434036255,-0.40928637981414795,0.060046881437301636,-0.41093799471855164
1773832209.6492984,-0.342745415137608,-0.3359919763540617,-0.24656465911761336,-0.37351884671940616,-0.29226750135421753,-0.402651846408844,0.059937044978141785,-0.40564122796058655
1773832209.8454425,-0.3426446709547903,-0.3298052662894618,-0.24596681033221873,-0.3672597429739304,-0.29171642661094666,-0.39724424481391907,0.05939449369907379,-0.40019410848617554
1773832210.047205,-0.34239012482815057,-0.3235897563013678,-0.24537227769407594,-0.3610409006427111,-0.2913985550403595,-0.39054858684539795,0.059728365391492844,-0.3932674527168274
1773832210.2472718,-0.3424033320220533,-0.3178625754266767,-0.24481105996469343,-0.355213663168392,-0.29069191217422485,-0.38489335775375366,0.059199463576078415,-0.38733014464378357
1773832210.4483624,-0.34208488562769845,-0.31191130701049125,-0.24422473225793834,-0.3491330597066651,-0.2907492220401764,-0.37961527705192566,0.05935318395495415,-0.3815474212169647
1773832210.6482894,-0.3419782128130507,-0.3057310307804346,-0.24360977863574054,-0.34285611799675797,-0.2899918854236603,-0.3736489415168762,0.05843176692724228,-0.375857949256897
1773832210.848946,-0.34161024676283885,-0.30013354244109297,-0.24308230958503668,-0.3374010221000361,-0.29009371995925903,-0.3676814138889313,0.05874601751565933,-0.3711676597595215
1773832211.049457,-0.34116864165484434,-0.29377636748668795,-0.24247110638828298,-0.3311447043593201,-0.2893991768360138,-0.3618343770503998,0.058326974511146545,-0.36530762910842896
1773832211.2507641,-0.340763648077265,-0.2877094151817112,-0.2418879673322893,-0.3251336480512468,-0.2892376780509949,-0.35576194524765015,0.058161281049251556,-0.3592521846294403
1773832211.4511783,-0.34011042213615655,-0.2818955045731961,-0.2413431715183739,-0.319477260586978,-0.28829890489578247,-0.3502079248428345,0.058220669627189636,-0.3531814217567444
1773832211.6533086,-0.3398749325893625,-0.27574182955847976,-0.24075866598175868,-0.31326066660009766,-0.2880190908908844,-0.345242440700531,0.05770046263933182,-0.34713155031204224
1773832211.8520682,-0.33926148919333693,-0.26723257465623834,-0.23995966195874707,-0.3047026508005488,-0.28766459226608276,-0.339062362909317,0.05726664140820503,-0.34126803278923035
1773832212.0539298,-0.3388659718930492,-0.26098534539387364,-0.2393857348031272,-0.2983942532732866,-0.2873498201370239,-0.3331582844257355,0.056926947087049484,-0.33650311827659607
1773832212.25523,-0.33871791019952474,-0.25685303745034255,-0.23900668414141268,-0.2942559160066154,-0.28733307123184204,-0.3269503712654114,0.057198021560907364,-0.33037635684013367
1773832212.4586356,-0.3382591720767889,-0.25051774705306407,-0.23842274440705827,-0.2879178624749472,-0.2866777777671814,-0.3207812011241913,0.05638107284903526,-0.32370713353157043
1773832212.6557562,-0.3377297540684142,-0.24292920938088344,-0.23771554427161615,-0.28025731550439437,-0.28636226058006287,-0.3154933452606201,0.0566403865814209,-0.3181556463241577
1773832212.8565962,-0.3374643123178833,-0.2389936271253165,-0.2373504754043972,-0.27631896551695934,-0.28553447127342224,-0.3107302784919739,0.056182216852903366,-0.3116951286792755
1773832213.056487,-0.33697236513719,-0.23187171620970826,-0.23665970439434195,-0.2689390564295828,-0.28566545248031616,-0.3052956163883209,0.05592058226466179,-0.30553269386291504
1773832213.257744,-0.3364907447649198,-0.22575748799072767,-0.23609213260984213,-0.26286763857328777,-0.2850533127784729,-0.29933422803878784,0.05529314652085304,-0.30075329542160034
1773832213.4790452,-0.3359553783769642,-0.21993544486756222,-0.235560573190422,-0.25703731115708806,-0.2850249111652374,-0.29346224665641785,0.055560749024152756,-0.29470500349998474
1773832213.6581511,-0.33578248729979704,-0.21554796860927738,-0.2351647362764734,-0.2526980252541995,-0.2848339080810547,-0.2875481843948364,0.05535190552473068,-0.2889956831932068
1773832213.8591166,-0.3353591175279973,-0.20815290258035632,-0.2344950633552353,-0.24525427645095954,-0.2841433882713318,-0.2822307050228119,0.0550258606672287,-0.28299030661582947
1773832214.0591927,-0.3349934648201632,-0.20218273231540296,-0.23395227415424563,-0.23921700994540163,-0.2837849259376526,-0.2771042287349701,0.055535703897476196,-0.27657899260520935
1773832214.2600937,-0.3348845080591951,-0.1979425467261468,-0.23354859412774168,-0.23476963940537643,-0.28356361389160156,-0.2719286382198334,0.054614707827568054,-0.2706228494644165
1773832214.4735143,-0.3343037898372465,-0.19085467859103938,-0.23286920019961088,-0.22755156287349787,-0.2834315598011017,-0.2658822536468506,0.05462060868740082,-0.26524022221565247
1773832214.6613743,-0.3339849850083883,-0.18650214662733416,-0.23248429490332534,-0.22327033805858143,-0.28268152475357056,-0.2603210508823395,0.054123859852552414,-0.2604126036167145
1773832214.862626,-0.333563136762443,-0.17912762651569192,-0.23179682369203564,-0.21565497720941007,-0.28291773796081543,-0.2543173134326935,0.054401103407144547,-0.25427114963531494
1773832215.0643098,-0.3333304446978339,-0.17488067490917897,-0.23140568559793717,-0.2114023547040389,-0.2820599377155304,-0.24844376742839813,0.05390896648168564,-0.2481401413679123
1773832215.263964,-0.3328911750481591,-0.1677460660159707,-0.23074430444725366,-0.20407570969596245,-0.2817629277706146,-0.24353355169296265,0.05409993231296539,-0.242286816239357
1773832215.4783075,-0.3325868617145703,-0.1616049924281273,-0.23016659273771523,-0.19765339073821564,-0.281171977519989,-0.23744156956672668,0.05350687354803085,-0.23562735319137573
1773832215.6649241,-0.33211716393033963,-0.15611893623518827,-0.22966129771275468,-0.19198126282578976,-0.2812495827674866,-0.23236586153507233,0.05329669266939163,-0.23059380054473877
1773832215.866901,-0.33171604314985026,-0.14978000781972017,-0.22911203117395468,-0.18555412222792556,-0.28043317794799805,-0.22682881355285645,0.0534646138548851,-0.2252248227596283
1773832216.067174,-0.3313632612299537,-0.14423075454941905,-0.22871322555175128,-0.17980359516748923,-0.28001925349235535,-0.221451535820961,0.05321144312620163,-0.21889474987983704
1773832216.2670953,-0.3314299775126338,-0.14004457539757584,-0.22842692579935595,-0.17550432793234605,-0.2801054120063782,-0.21487613022327423,0.053371503949165344,-0.2128971666097641
1773832216.467554,-0.3311077696237461,-0.13246223924530637,-0.22791426541849363,-0.16775152487666323,-0.2792525589466095,-0.20960359275341034,0.05284847319126129,-0.2067060023546219
1773832216.669962,-0.3308766336183215,-0.12664207283822337,-0.2275104134280025,-0.16176640753291438,-0.2793436646461487,-0.20394960045814514,0.052786290645599365,-0.20062194764614105
1773832216.8692436,-0.33051047280813955,-0.12243284808737502,-0.22721653222978888,-0.15752653005205497,-0.2789401412010193,-0.19856789708137512,0.052140973508358,-0.19503717124462128
1773832217.0740385,-0.33010721140881477,-0.1151106105853236,-0.22670418472769677,-0.15008857572354772,-0.2791205048561096,-0.1926690936088562,0.052516721189022064,-0.19027671217918396
1773832217.2705228,-0.3298040849790794,-0.10911904783658008,-0.22629027132396246,-0.14399030679355285,-0.2783016562461853,-0.18641169369220734,0.05205077305436134,-0.18364965915679932
1773832217.4726162,-0.32960319527240556,-0.10359114367296478,-0.22593045290830382,-0.13837157932216204,-0.27857694029808044,-0.18041381239891052,0.0521833710372448,-0.17808054387569427
1773832217.673869,-0.32932100402435976,-0.09720240882052635,-0.22551036707082842,-0.13185029024011108,-0.2779063582420349,-0.17443209886550903,0.052170928567647934,-0.17178767919540405
1773832217.8722,-0.3290700818387611,-0.09168560879358917,-0.22514602047679788,-0.1262089768180772,-0.27797889709472656,-0.169167160987854,0.051701854914426804,-0.16587910056114197
1773832218.073264,-0.3289323317543219,-0.08739309221991699,-0.22485761815287603,-0.12184109113497033,-0.27770236134529114,-0.16320230066776276,0.0512922964990139,-0.16054534912109375
1773832218.2743118,-0.3282806483107711,-0.07988366163210918,-0.22436735794748844,-0.11428804833043893,-0.277505099773407,-0.15779687464237213,0.051011621952056885,-0.1557554304599762
1773832218.4748368,-0.3280670836157941,-0.07391951319769559,-0.22397259454289353,-0.10816674509087965,-0.2775062620639801,-0.15161530673503876,0.05125795304775238,-0.14934787154197693
1773832218.675315,-0.3277315201847048,-0.06964179410075458,-0.22370338760039793,-0.10383285073571313,-0.2770187556743622,-0.14544235169887543,0.0506134107708931,-0.1434776484966278
1773832218.8762023,-0.32752811627701767,-0.06226999163633821,-0.22324246614918727,-0.09634031233215778,-0.27667468786239624,-0.13930682837963104,0.05091369152069092,-0.1377410590648651
1773832219.0759609,-0.3273294007751234,-0.05806772416859792,-0.22298526844819214,-0.09210426127087179,-0.2761460542678833,-0.13408872485160828,0.050508420914411545,-0.13139763474464417
1773832219.2772982,-0.32694515544826075,-0.05046505808822578,-0.22252040255621533,-0.0844194262705329,-0.2763388454914093,-0.12805688381195068,0.05032474920153618,-0.1256103217601776
1773832219.477821,-0.32646597843745884,-0.04445021758073217,-0.22214885432259387,-0.07830555973437758,-0.27557235956192017,-0.12244932353496552,0.04984060302376747,-0.12066444754600525
1773832219.6784782,-0.3262063428067805,-0.039013396304321206,-0.22181315639412502,-0.07278136967871318,-0.2758137881755829,-0.11700741201639175,0.050031695514917374,-0.11495109647512436
1773832219.8792915,-0.32601015700155683,-0.03276719842113533,-0.2214228255576237,-0.06646520721570415,-0.27564746141433716,-0.11093668639659882,0.04986516386270523,-0.10889454931020737
1773832220.0809658,-0.32568071979529495,-0.028621035488743146,-0.22117166588949114,-0.06230854856617318,-0.2751719653606415,-0.1053403690457344,0.049540989100933075,-0.10304119437932968
1773832220.2812629,-0.32534887256072287,-0.02108405434086143,-0.22072801413322365,-0.05469618283296507,-0.2747317850589752,-0.10000980645418167,0.04964113235473633,-0.09676939249038696
1773832220.4810953,-0.3249995433876731,-0.015416556771903034,-0.22040002613911963,-0.04897627451008457,-0.2747270464897156,-0.09496436268091202,0.049107346683740616,-0.09133319556713104
1773832220.6820912,-0.3248713285416836,-0.011062701501328969,-0.2201458635042506,-0.04460808194599353,-0.2748313248157501,-0.08882691711187363,0.04934724420309067,-0.08619815856218338
1773832220.8825717,-0.3244045134841797,-0.00314258303498435,-0.21967512233034403,-0.03660797647098146,-0.27431046962738037,-0.08329305052757263,0.04891904443502426,-0.08028784394264221
1773832221.0839133,-0.3243808230136714,0.0008477632902585693,-0.2194370744985218,-0.03260890645536785,-0.2746393382549286,-0.07725201547145844,0.04931230843067169,-0.07408415526151657
1773832221.2855182,-0.32403025162637805,0.008461186685446105,-0.21896850761157724,-0.024922440069028218,-0.27407127618789673,-0.07107986509799957,0.04870748147368431,-0.06815345585346222
1773832221.4838479,-0.3237721347578536,0.014607285291000294,-0.21858728924105547,-0.01871178740434387,-0.27396160364151,-0.06518440693616867,0.048777855932712555,-0.06237385421991348
1773832221.6846566,-0.32362008254580366,0.018522086005844353,-0.21834204416381853,-0.014815246067253929,-0.2734297513961792,-0.05984700843691826,0.04837962985038757,-0.056502848863601685
1773832221.886384,-0.323191569729762,0.026179845525657372,-0.2178511295180015,-0.007102897974709199,-0.2736310362815857,-0.05444961041212082,0.048207271844148636,-0.05128795653581619
1773832222.0872555,-0.3228434656767306,0.032457957790623035,-0.21743952533681993,-0.000738252400568129,-0.27325138449668884,-0.04843373969197273,0.04816809296607971,-0.045151807367801666
1773832222.287386,-0.3225400857168775,0.038326021608928354,-0.2170633934893784,0.005185293847320915,-0.27327853441238403,-0.042721204459667206,0.04799439013004303,-0.03905237466096878
1773832222.4893363,-0.32250550601616135,0.04429121212682458,-0.21667212512018455,0.011343882575682862,-0.2729979455471039,-0.0366782583296299,0.047933220863342285,-0.03303096443414688
1773832222.6900938,-0.32226527304921665,0.048467977049378094,-0.2164140476883808,0.015521658930015558,-0.2725849747657776,-0.03099873475730419,0.04748839884996414,-0.026721034198999405
1773832222.8887002,-0.3221063833173928,0.055884952519302956,-0.21595210110442822,0.023118689190765984,-0.27259957790374756,-0.02527279034256935,0.04746433347463608,-0.021222684532403946
1773832223.0898268,-0.32175965859952654,0.060177546509187614,-0.215690765629781,0.02740094296616502,-0.27208054065704346,-0.019667264074087143,0.04692937433719635,-0.01636131852865219
1773832223.2901297,-0.32136211548397625,0.06830012131285682,-0.21518431912655173,0.03557189586146903,-0.2722754180431366,-0.01381489634513855,0.04737040400505066,-0.010565537959337234
1773832223.491088,-0.3210563817047355,0.07463853474501565,-0.2147778090440057,0.04200238423189773,-0.27198776602745056,-0.007717556785792112,0.04685749113559723,-0.0046920496970415115
1773832223.6927323,-0.3207911545974141,0.08010767443487012,-0.21441259988492278,0.04751898051598524,-0.2723378837108612,-0.002105219755321741,0.04693235456943512,0.0012077325955033302
1773832223.8940654,-0.32053199820717077,0.08656309845377987,-0.21397442360068047,0.054026841553944216,-0.2715894281864166,0.0037405856419354677,0.04656538739800453,0.0072152987122535706
1773832224.093469,-0.320277572050905,0.09066853626790097,-0.2137057017665792,0.05823086056917215,-0.27152079343795776,0.00922626256942749,0.04660329967737198,0.013168198056519032
1773832224.2945833,-0.31983483513289096,0.09820192477686607,-0.21323135400080157,0.06581476136651476,-0.2710060179233551,0.015081502497196198,0.04623241350054741,0.018236741423606873
1773832224.4962816,-0.3195405508735417,0.10239230434754311,-0.21298379096984402,0.06987509833473737,-0.27082669734954834,0.02060956135392189,0.046032339334487915,0.023481067270040512
1773832224.695693,-0.31912816871511823,0.11001228919254091,-0.21251992405751693,0.07747915783062731,-0.2712189853191376,0.027536865323781967,0.046273961663246155,0.029199324548244476
1773832224.895881,-0.3186822862357486,0.11685785357089033,-0.212079021252546,0.0842414847487194,-0.2709423899650574,0.033331964164972305,0.04585627466440201,0.034947048872709274
1773832225.0970407,-0.31861580684184904,0.12094145821198163,-0.21180976989614597,0.08829938065036647,-0.2707529664039612,0.03944654017686844,0.04621949791908264,0.0412278026342392
1773832225.297361,-0.3182459227533021,0.12859487069699693,-0.21130922611167088,0.09598467640048836,-0.2701929807662964,0.045000649988651276,0.045803990215063095,0.04723053425550461
1773832225.4978895,-0.31804903827944214,0.13464250423900645,-0.21092796696023822,0.10206600270036437,-0.2701287269592285,0.050794292241334915,0.04611307382583618,0.05260675773024559
1773832225.6990516,-0.31777115832071023,0.13883838092760753,-0.21068547315853942,0.1060637622064271,-0.26943439245224,0.05654993653297424,0.045505307614803314,0.0578014962375164
1773832225.9001126,-0.31733025998349024,0.14680798348200866,-0.21021454071212103,0.11392270865168919,-0.26975199580192566,0.06285092979669571,0.045911338180303574,0.06275567412376404
1773832226.0996134,-0.3170161036344976,0.15296492738009904,-0.20984388826593509,0.119925179409333,-0.2692539095878601,0.06902594119310379,0.045726701617240906,0.06876882165670395
1773832226.30101,-0.31680757105929314,0.15713641187055782,-0.2096080931101317,0.12385627858414239,-0.2691100239753723,0.07471126317977905,0.045649588108062744,0.07465209066867828
1773832226.5016816,-0.31648585197760054,0.16537146343363382,-0.20911965887192385,0.13207573973826214,-0.2685626149177551,0.080009825527668,0.045772477984428406,0.08077715337276459
1773832226.703888,-0.31620330105138844,0.1710828045176244,-0.20878757661515646,0.13778866906788534,-0.26865893602371216,0.08496443927288055,0.04561968147754669,0.08664141595363617
1773832226.9029438,-0.3160114870321334,0.17518286808006692,-0.20856359661252954,0.1416875341847419,-0.26845040917396545,0.09050582349300385,0.04548683017492294,0.09119918197393417
1773832227.1034474,-0.3154513794072668,0.18308597197275808,-0.20812496308048153,0.14939882097671786,-0.2681769132614136,0.09696314483880997,0.04522969573736191,0.09672578424215317
1773832227.3042746,-0.3151721529492701,0.189446806253684,-0.20775437103751018,0.15569560452225484,-0.2683120667934418,0.1030006855726242,0.045622318983078,0.10277926921844482
1773832227.5061934,-0.31483498479214705,0.19550628184578706,-0.2074057956593449,0.1616384236126469,-0.2674504816532135,0.10887176543474197,0.04507534205913544,0.1090526208281517
1773832227.710597,-0.3147139428786734,0.19990046738264652,-0.20715290384119775,0.16597470511499912,-0.26769495010375977,0.11416343599557877,0.045323409140110016,0.11549004167318344
1773832227.9074576,-0.3143190069390081,0.20774040742078081,-0.20666809646531825,0.17394372397930646,-0.2672511041164398,0.11936785280704498,0.04515964537858963,0.12168967723846436
1773832228.1074154,-0.3142132928282108,0.21182588495206497,-0.206427246436048,0.1779508418002027,-0.26744458079338074,0.12502366304397583,0.045273683965206146,0.12628288567066193
1773832228.3075762,-0.31384431334611124,0.2196172993213561,-0.20595683070682677,0.18562279413681715,-0.26713860034942627,0.13155978918075562,0.045080795884132385,0.13183200359344482
1773832228.5080116,-0.31352226283377405,0.22596479122015134,-0.2055523042676415,0.19191019077419336,-0.26729074120521545,0.13713665306568146,0.04529029130935669,0.13731974363327026
1773832228.7090456,-0.3135742327178036,0.22989953585430858,-0.20529893785097983,0.19580204839548188,-0.26700088381767273,0.1431155651807785,0.045277245342731476,0.14364315569400787
1773832228.9097178,-0.313163955767908,0.2375249155848165,-0.20481514690997968,0.20333921570109625,-0.2666627764701843,0.1485438048839569,0.04492155462503433,0.14974503219127655
1773832229.1105683,-0.3130476841121791,0.24390332374492285,-0.20439791034285862,0.20976959425661623,-0.2666749954223633,0.15381397306919098,0.04525183513760567,0.15588802099227905
1773832229.3126338,-0.31281879716622385,0.2482937338163918,-0.20412609124663617,0.21402831335707573,-0.26621177792549133,0.15927600860595703,0.04471834748983383,0.16063563525676727
1773832229.511705,-0.31254614249513896,0.255678905994733,-0.20366746329184082,0.2213334023222051,-0.2665421962738037,0.1658964604139328,0.04524540901184082,0.166110560297966
1773832229.7123363,-0.3122433796457582,0.26191240560902174,-0.20325275803283432,0.22751525291177854,-0.2660805284976959,0.17217209935188293,0.0448964461684227,0.17184019088745117
1773832229.9135542,-0.3123321689888147,0.26643030976960874,-0.20295385615297118,0.23199501418966695,-0.266265332698822,0.17829132080078125,0.04526429623365402,0.1779172420501709
1773832230.1168947,-0.3121095132344578,0.27385196111364324,-0.20245711232897196,0.23940162180171431,-0.2655094563961029,0.18446296453475952,0.04499946907162666,0.1843554526567459
1773832230.315395,-0.31198950828308536,0.27985438430407555,-0.20205190488355973,0.24538122430570586,-0.26572299003601074,0.18910761177539825,0.04508957639336586,0.19007283449172974
1773832230.5182297,-0.31199318466256687,0.28585376641642674,-0.20164111722905545,0.2513540419451108,-0.2649535834789276,0.1951926201581955,0.04490610957145691,0.19558510184288025
1773832230.7173471,-0.3118203972448812,0.29165106635923127,-0.20125006263896478,0.2571050083629214,-0.26499640941619873,0.20124496519565582,0.04515397548675537,0.20078079402446747
1773832230.917196,-0.3120011476603708,0.2956654505538435,-0.20097245557508361,0.26101687002636154,-0.26488202810287476,0.20778502523899078,0.04531347006559372,0.20677921175956726
1773832231.1202216,-0.31172361243457314,0.30343516812407545,-0.20043352642456203,0.26875194369201183,-0.2645832598209381,0.2136559635400772,0.044884100556373596,0.2119559496641159
1773832231.3177042,-0.311770024313223,0.309329483343746,-0.20003338620331101,0.27463524329036715,-0.26423588395118713,0.21996307373046875,0.04510385915637016,0.21701723337173462
1773832231.517712,-0.3115192163240212,0.31584233102122644,-0.19960875148304444,0.28104126364538873,-0.2639636993408203,0.22461967170238495,0.044501110911369324,0.22307902574539185
1773832231.7205153,-0.31127585367645355,0.32302876393614594,-0.19913365579400044,0.28817927674939114,-0.2639760673046112,0.23070655763149261,0.04508521035313606,0.22860200703144073
1773832231.920117,-0.3109498817237067,0.3291016895665347,-0.1987323220277758,0.29410479968986514,-0.2634398341178894,0.23673035204410553,0.04477094113826752,0.2337946891784668
1773832232.1199818,-0.3109132028353122,0.33504727996889067,-0.19830389749248573,0.3000324918347448,-0.26377466320991516,0.24293166399002075,0.04537869244813919,0.23926107585430145
1773832232.322156,-0.31082811271986194,0.34145237991136046,-0.19784777471522907,0.3062913134878855,-0.2631330192089081,0.24900971353054047,0.04514997825026512,0.24501007795333862
1773832232.5626068,-0.3107705610906958,0.3474537925521243,-0.1974141227590101,0.31224477623372326,-0.2628927528858185,0.25617972016334534,0.045366108417510986,0.2521800696849823
1773832232.722694,-0.3106099621936469,0.3531399316648356,-0.19700669076650482,0.31783433132251426,-0.2621944546699524,0.25998130440711975,0.04521062970161438,0.25710102915763855
1773832232.9232676,-0.3103572661159216,0.3593700526820186,-0.19656477492433386,0.3239428141135865,-0.2623579204082489,0.26500430703163147,0.045274633914232254,0.26269739866256714
1773832233.1233315,-0.31026288642643624,0.3653192116013143,-0.19614769843926053,0.3298112140731484,-0.26204508543014526,0.2716975510120392,0.04548913985490799,0.2681494653224945
1773832233.3240793,-0.31000478095689826,0.3713913553813225,-0.19573918468883011,0.3357253408494656,-0.26171979308128357,0.2774873971939087,0.04550644010305405,0.2736281156539917
1773832233.5538707,-0.3099373151346023,0.3779343493876212,-0.19531997643538912,0.3419287273000724,-0.2616269886493683,0.2848387658596039,0.046032123267650604,0.2803584635257721
1773832233.7267048,-0.3097768991385754,0.3843250276902275,-0.19491280181036,0.34798944818559496,-0.2609989643096924,0.2900181710720062,0.04555555433034897,0.2857005000114441
1773832233.9269433,-0.3096709963330691,0.39042823917322167,-0.1945171627223389,0.35387422536484325,-0.26090168952941895,0.29567694664001465,0.045924119651317596,0.29199936985969543
1773832234.126611,-0.3094602321312941,0.39677412022186026,-0.19409134423364358,0.36011728423527223,-0.2605507969856262,0.3001084327697754,0.045738331973552704,0.2981181740760803
1773832234.3279233,-0.30935678513793824,0.40269074301772295,-0.19368778429885378,0.36593502891992546,-0.2608070373535156,0.30645880103111267,0.046328574419021606,0.3035578727722168
1773832234.5574837,-0.3092233938901312,0.4088629022400655,-0.1932616071950898,0.37199667262821734,-0.26005056500434875,0.31330448389053345,0.0460040383040905,0.3098403215408325
1773832234.7288382,-0.3091134886821231,0.4147433273799287,-0.19286835674500205,0.3776427915620957,-0.2603592276573181,0.3181661069393158,0.046424463391304016,0.31440863013267517
1773832234.9305427,-0.30865143387681665,0.42096676034401537,-0.192424891745094,0.38386880876681917,-0.26001277565956116,0.3243778347969055,0.046490997076034546,0.32062476873397827
1773832235.1304822,-0.30843173086641995,0.42693300211509144,-0.1920146872238477,0.38968197485548095,-0.25952431559562683,0.3298477530479431,0.04625602066516876,0.3269094228744507
1773832235.3309786,-0.30826000086895594,0.4329116002826015,-0.1915968485510452,0.3955405145177999,-0.2592770755290985,0.33476683497428894,0.04677489399909973,0.3331413269042969
1773832235.5330238,-0.30807050324505203,0.4391066197352319,-0.19116171077208277,0.4016175894768399,-0.2590756416320801,0.3406863212585449,0.04670845344662666,0.3383793234825134
1773832235.7345207,-0.307509742903239,0.44508144717049025,-0.19071791750202638,0.4076321966670333,-0.25912779569625854,0.34682002663612366,0.04704023152589798,0.34380608797073364
1773832235.9334567,-0.30742186067160404,0.4508618095348405,-0.190299360811441,0.41330997300109296,-0.2587215006351471,0.35241830348968506,0.04673709720373154,0.34950727224349976
1773832236.1337442,-0.3069695789922144,0.4572755538383753,-0.18981490638751994,0.4198210683488657,-0.2590460181236267,0.3587971329689026,0.047285743057727814,0.35532549023628235
1773832236.3344922,-0.3067914146503863,0.4634783812010826,-0.18935917267989988,0.4258807358605181,-0.25780412554740906,0.3646375834941864,0.04700827971100807,0.3617008924484253
1773832236.5348182,-0.3068998507022397,0.46955492092622164,-0.1889001945886255,0.4320054366267456,-0.25815489888191223,0.3693500757217407,0.04721015319228172,0.3679047226905823
1773832236.7356424,-0.3069090238349486,0.4756140472245608,-0.18843559680472788,0.43809723810479206,-0.25761061906814575,0.3753568232059479,0.047464922070503235,0.37361860275268555
1773832236.9361694,-0.3070582271728114,0.4812121019846185,-0.18800618615492237,0.4437139210234664,-0.2577574849128723,0.3812747895717621,0.047687605023384094,0.37874409556388855
1773832237.1368968,-0.3068153197400367,0.4876432046702204,-0.1875205432938315,0.4499971296468297,-0.2574880123138428,0.38789862394332886,0.047984518110752106,0.384885311126709
1773832237.3375735,-0.3067581934344689,0.4935829144698858,-0.1870668856235371,0.4558653462409765,-0.257446825504303,0.3936243951320648,0.048032164573669434,0.3909118175506592
1773832237.5390484,-0.30629677378471476,0.49920490389685723,-0.18662036797660542,0.4616371930664189,-0.25662511587142944,0.3993609547615051,0.04849875345826149,0.3975684642791748
1773832237.739766,-0.30626202006037895,0.5052160903637786,-0.1861628479513236,0.46770986219045074,-0.25645676255226135,0.4042063355445862,0.04826677590608597,0.4033183753490448
1773832237.940295,-0.30623565522227186,0.5110385507659077,-0.18571780394727944,0.4735454090540916,-0.25652065873146057,0.41018763184547424,0.048901282250881195,0.4091351330280304
1773832238.1404629,-0.3062140241271408,0.516899684552191,-0.18527420826853216,0.4794026127784319,-0.25595274567604065,0.416044145822525,0.04867858439683914,0.4143233895301819
1773832238.3413243,-0.30630846223401237,0.5230998433738583,-0.18481196761901084,0.48560747972498985,-0.2560916841030121,0.422214150428772,0.049384504556655884,0.4201432466506958
1773832238.5422964,-0.30636794396619005,0.5292167021950155,-0.1843542775916875,0.4917172957988929,-0.25543665885925293,0.42878466844558716,0.0492197722196579,0.4260629415512085
1773832238.7430437,-0.30625833328479113,0.5351974178562955,-0.18390722344174806,0.49769144180168245,-0.25519832968711853,0.4345274865627289,0.04945565387606621,0.43267130851745605
1773832238.942748,-0.30608556744055987,0.5413630402227488,-0.18344594678061257,0.5038554855214517,-0.2543259263038635,0.4397534728050232,0.04943139851093292,0.4386542737483978
1773832239.1446223,-0.30578082277554,0.5474155066667243,-0.18298712533459635,0.5099254733638485,-0.2546338737010956,0.4448457956314087,0.049662671983242035,0.4443228244781494
1773832239.345469,-0.30577140357557264,0.5533736150958213,-0.1825295904258106,0.515874375236304,-0.2540535628795624,0.4510999321937561,0.04979780316352844,0.44954073429107666
1773832239.544939,-0.30573152587484725,0.559052287786058,-0.1820979016638506,0.5215564374976704,-0.25381267070770264,0.45667386054992676,0.04986214637756348,0.4551168978214264
1773832239.7457907,-0.30577265621292915,0.5651624206437003,-0.1816340384689999,0.5276836272483023,-0.25379520654678345,0.463083416223526,0.050336070358753204,0.4614197611808777
1773832239.947583,-0.30555384986556233,0.5711762119862177,-0.18119151940566494,0.5336826671360724,-0.25280722975730896,0.4690465033054352,0.04992590844631195,0.4682117998600006
1773832240.1484432,-0.3053488375152191,0.5772235842970386,-0.18076483216263695,0.5397414108465863,-0.2525481581687927,0.47468385100364685,0.05045013874769211,0.4741427004337311
1773832240.3490713,-0.3050049250555924,0.5832387302347048,-0.18034037906539271,0.5458534434834417,-0.2521907687187195,0.4796372652053833,0.05042426288127899,0.4806685149669647
1773832240.5486495,-0.3048295906004055,0.5890273272138874,-0.17993869247434638,0.551660435214389,-0.25222519040107727,0.48626986145973206,0.05097472667694092,0.4854850471019745
1773832240.749449,-0.3047339786775477,0.5953752421765455,-0.17950013949190582,0.5580246153768678,-0.2513647973537445,0.491807758808136,0.05063989758491516,0.490565687417984
1773832240.9510791,-0.304399155997215,0.6014142074613567,-0.17909134702155188,0.5639522045827254,-0.2514387369155884,0.49789708852767944,0.050739943981170654,0.4919268488883972
1773832241.1508403,-0.30420301106043224,0.6075071062540239,-0.17867006960370208,0.5699090440787988,-0.25058239698410034,0.5038604140281677,0.05072152987122536,0.4919504225254059
1773832241.3562694,-0.30383518868269255,0.6130395976141912,-0.17829316812768,0.5753270750813027,-0.2503810226917267,0.5071089267730713,0.05073203891515732,0.49194180965423584
1773832241.552786,-0.30374629093998334,0.6153826817325647,-0.17812979452699526,0.5776363888637253,-0.25038212537765503,0.5073014497756958,0.05073453485965729,0.4919460415840149
1773832241.7527874,-0.30388034653757,0.6154981451480838,-0.17812439841222827,0.5777121694184717,-0.2503889501094818,0.5073124170303345,0.050719499588012695,0.49195748567581177
1773832241.9533837,-0.30389691698778326,0.6155344531870672,-0.17812349548105058,0.5777248559110202,-0.2503836154937744,0.5073028802871704,0.05073373392224312,0.4919569790363312
1773832242.1540272,-0.3039556753521163,0.6155538217326079,-0.1781241777071706,0.5777152682584843,-0.2503858208656311,0.5073025822639465,0.05073065310716629,0.4919520318508148
1773832242.3568435,-0.3040181323336934,0.6155971476476662,-0.1781229766971464,0.5777321406237004,-0.25038018822669983,0.507307767868042,0.050736334174871445,0.4919545650482178
1773832242.563442,-0.3040875867220455,0.6156166356351538,-0.17812333982657252,0.5777270426689052,-0.25038594007492065,0.5073022246360779,0.05073230341076851,0.4919547140598297
1773832242.756728,-0.3041648242727108,0.6156453125368301,-0.17812333982657294,0.5777270426688994,-0.2503814697265625,0.507304847240448,0.05073493346571922,0.49195215106010437
1773832242.9565258,-0.30417184530985086,0.61566126309981,-0.17812333982657294,0.5777270426688994,-0.2503906488418579,0.507296621799469,0.05072765052318573,0.49193885922431946
1773832243.1571145,-0.30418255928000487,0.6156757145900208,-0.17812333982657294,0.5777270426688994,-0.25038668513298035,0.5073021054267883,0.050734080374240875,0.491953581571579
