timestamp,tb3_gt_x,tb3_gt_y,tb1_kf_x,tb1_kf_y,tb1_gt_x,tb1_gt_y,tb2_kf_x,tb2_kf_y,tb2_gt_x,tb2_gt_y,tb7_kf_x,tb7_kf_y,tb7_gt_x,tb7_gt_y
1777391717.2272656,-1.1372803449630737,0.24936281144618988,-0.26611483097076416,-1.419478178024292,-0.26613032817840576,-1.4194858074188232,1.4155747886098047,-0.272351534399139,1.4155805110931396,-0.27232757210731506,0.2776757776737213,1.5629595518112183,0.2775666117668152,1.5627797842025757
1777391717.4331503,-1.1372780799865723,0.24935919046401978,-0.26611483097076416,-1.419478178024292,-0.26613330841064453,-1.419485092163086,1.4155747886098047,-0.272351534399139,1.4155735969543457,-0.27234500646591187,0.2776757776737213,1.5629595518112183,0.2775609791278839,1.5627868175506592
1777391717.8296235,-1.1372731924057007,0.24935948848724365,-0.26611483097076416,-1.419478178024292,-0.26612940430641174,-1.4194892644882202,1.4155747886372092,-0.27235153432242293,1.4155795574188232,-0.27235886454582214,0.2776757776737213,1.5629595518112183,0.27754831314086914,1.5627902746200562
1777391718.0305998,-1.1372733116149902,0.2493668645620346,-0.26611483097076416,-1.419478178024292,-0.2661299705505371,-1.4194936752319336,1.4155747886372092,-0.27235153432242293,1.4155796766281128,-0.2723636031150818,0.2776757776737213,1.5629595518112183,0.2775498926639557,1.5628243684768677
1777391718.232658,-1.1372785568237305,0.24936391413211823,-0.26611483097076416,-1.419478178024292,-0.26613670587539673,-1.4194960594177246,1.4155747886372092,-0.27235153432242293,1.4155645370483398,-0.27235105633735657,0.2776757776737213,1.5629595518112183,0.2775512933731079,1.5628248453140259
1777391718.4327838,-1.1372931003570557,0.24935884773731232,-0.26611483097076416,-1.419478178024292,-0.2661416232585907,-1.419495701789856,1.4155747886372092,-0.27235153432242293,1.4155609607696533,-0.27235081791877747,0.2776757776737213,1.5629595518112183,0.27758339047431946,1.5628353357315063
1777391718.6325731,-1.1372946500778198,0.24936753511428833,-0.26611483097076416,-1.419478178024292,-0.26613444089889526,-1.4194920063018799,1.4155747886372092,-0.27235153432242293,1.415574073791504,-0.2723376750946045,0.2776757776737213,1.5629595518112183,0.27758753299713135,1.5628221035003662
1777391718.8351011,-1.137287974357605,0.249362513422966,-0.26611483097076416,-1.419478178024292,-0.2661301791667938,-1.4194881916046143,1.415550954360047,-0.27234302428541646,1.4155713319778442,-0.2723506689071655,0.2776757776737213,1.5629595518112183,0.2775695025920868,1.5628114938735962
1777391719.0333714,-1.1372867822647095,0.24936269223690033,-0.26611483097076416,-1.419478178024292,-0.2661295235157013,-1.419487714767456,1.4155509543062585,-0.2723430244360094,1.4155778884887695,-0.27233508229255676,0.2776757776737213,1.5629595518112183,0.277561217546463,1.5628180503845215
1777391719.232187,-1.137284278869629,0.2493651658296585,-0.26611483097076416,-1.419478178024292,-0.2661307156085968,-1.4194880723953247,1.4155747883692757,-0.27235153507254406,1.4155755043029785,-0.27235540747642517,0.2776757776737213,1.5629595518112183,0.27755483984947205,1.5628037452697754
1777391719.4337857,-1.1372826099395752,0.24936071038246155,-0.26611483097076416,-1.419478178024292,-0.2661249041557312,-1.419486165046692,1.4155747883692757,-0.27235153507254406,1.4155733585357666,-0.27234965562820435,0.2776757776737213,1.5629595518112183,0.27755042910575867,1.562785029411316
1777391719.6365705,-1.1372804641723633,0.249360591173172,-0.26611483097076416,-1.419478178024292,-0.2661278247833252,-1.4194914102554321,1.4155747883692757,-0.27235153507254406,1.4155774116516113,-0.27235057950019836,0.2776757776737213,1.5629595518112183,0.27756622433662415,1.5627920627593994
1777391719.837722,-1.1372814178466797,0.24936188757419586,-0.26611483097076416,-1.419478178024292,-0.2661272883415222,-1.4194962978363037,1.4155747883692757,-0.27235153507254406,1.4155817031860352,-0.27233102917671204,0.2776757776737213,1.5629595518112183,0.27756205201148987,1.5627864599227905
1777391720.036937,-1.1372781991958618,0.24936245381832123,-0.26611483097076416,-1.419478178024292,-0.26613113284111023,-1.4194908142089844,1.4155509542270943,-0.2723430246576353,1.4155828952789307,-0.27235427498817444,0.2776757776737213,1.5629595518112183,0.27755239605903625,1.562774658203125
1777391720.2377608,-1.1372827291488647,0.249368354678154,-0.26611483097076416,-1.419478178024292,-0.2661360502243042,-1.4194884300231934,1.4155747882647378,-0.27235153536520373,1.4155774116516113,-0.2723468244075775,0.2776757776737213,1.5629595518112183,0.277559757232666,1.562776803970337
1777391720.4378977,-1.137279748916626,0.24936224520206451,-0.26611483097076416,-1.419478178024292,-0.2661340832710266,-1.4194880723953247,1.4155509539794566,-0.27234302535092836,1.415576696395874,-0.27233070135116577,0.2776757776737213,1.5629595518112183,0.27755463123321533,1.5627883672714233
1777391720.636694,-1.137284755706787,0.24936266243457794,-0.26611483097076416,-1.419478178024292,-0.26613160967826843,-1.4194872379302979,1.4155747881622345,-0.27235153565218245,1.4155784845352173,-0.27233371138572693,0.2776757776737213,1.5629595518112183,0.27754297852516174,1.5627843141555786
1777391720.847832,-1.13729727268219,0.2493620365858078,-0.26611483097076416,-1.419478178024292,-0.2661258578300476,-1.419491171836853,1.4155747881622345,-0.27235153565218245,1.4155784845352173,-0.27233946323394775,0.2776757776737213,1.5629595518112183,0.27756714820861816,1.5628457069396973
1777391721.0685155,-1.1372792720794678,0.24936044216156006,-0.26611483097076416,-1.419478178024292,-0.2661292850971222,-1.4194855690002441,1.4155509541418452,-0.2723430248963111,1.4155700206756592,-0.2723364233970642,0.2776757776737213,1.5629595518112183,0.2776637375354767,1.5629619359970093
1777391721.243886,-1.1372873783111572,0.24936093389987946,-0.26611483097076416,-1.419478178024292,-0.26612991094589233,-1.4194905757904053,1.4155747881175762,-0.27235153577720167,1.415576457977295,-0.2723601162433624,0.2776757776737213,1.5629595518112183,0.277567982673645,1.5628513097763062
1777391721.4409273,-1.1372795104980469,0.24936418235301971,-0.26611483097076416,-1.419478178024292,-0.2661310136318207,-1.4194873571395874,1.4155747881175762,-0.27235153577720167,1.4155808687210083,-0.2723498046398163,0.2776757776737213,1.5629595518112183,0.2775462865829468,1.5628105401992798
1777391722.4452162,-1.1372770071029663,0.24936388432979584,-0.26611483097076416,-1.419478178024292,-0.26613131165504456,-1.4194952249526978,1.4155747881175762,-0.27235153577720167,1.4155724048614502,-0.27235791087150574,0.2776757776737213,1.5629595518112183,0.2775496244430542,1.5628037452697754
1777391722.640247,-1.1372796297073364,0.24936145544052124,-0.26611483097076416,-1.419478178024292,-0.2661225497722626,-1.419488787651062,1.4155747881175762,-0.27235153577720167,1.4155735969543457,-0.2723585069179535,0.2776757776737213,1.5629595518112183,0.27754849195480347,1.5628150701522827
1777391722.9307604,-1.1373238563537598,0.24935048818588257,-0.26611483097076416,-1.419478178024292,-0.26613500714302063,-1.4194860458374023,1.415574787847606,-0.27235153653300304,1.415569543838501,-0.27235981822013855,0.2776757776737213,1.5629595518112183,0.2775418758392334,1.5627903938293457
1777391723.0716,-1.1372779607772827,0.24935759603977203,-0.26611483097076416,-1.419478178024292,-0.2661273777484894,-1.4194837808609009,1.415574787847606,-0.27235153653300304,1.4155752658843994,-0.2723553776741028,0.2776757776737213,1.5629595518112183,0.2776781916618347,1.5629678964614868
1777391723.6810791,-1.1372758150100708,0.2493639439344406,-0.26611483097076416,-1.419478178024292,-0.26613736152648926,-1.419490098953247,1.4155509535694328,-0.2723430264988394,1.4155741930007935,-0.272360622882843,0.2776757776737213,1.5629595518112183,0.2776607573032379,1.5629431009292603
1777391723.833318,-1.1372746229171753,0.24936428666114807,-0.26611483097076416,-1.419478178024292,-0.2661304175853729,-1.4194918870925903,1.4155747876974054,-0.27235153695352715,1.4155761003494263,-0.2723388075828552,0.2776757776737213,1.5629595518112183,0.2775592803955078,1.5628085136413574
1777391723.929955,-1.1373276710510254,0.24935048818588257,-0.26611483097076416,-1.419478178024292,-0.2661415934562683,-1.419487476348877,1.4155747876974054,-0.27235153695352715,1.4155669212341309,-0.27235421538352966,0.2776757776737213,1.5629595518112183,0.2775355279445648,1.562782645225525
1777391724.3362446,-1.1373261213302612,0.24935322999954224,-0.26611483097076416,-1.419478178024292,-0.26613885164260864,-1.4194880723953247,1.4155747876974054,-0.27235153695352715,1.4155640602111816,-0.27234920859336853,0.2776757776737213,1.5629595518112183,0.27753859758377075,1.56279456615448
1777391724.4513087,-1.1372854709625244,0.24936793744564056,-0.26611483097076416,-1.419478178024292,-0.2661290466785431,-1.419481873512268,1.4155747878678877,-0.2723515364761699,1.4155715703964233,-0.27234789729118347,0.2776757776737213,1.5629595518112183,0.27754998207092285,1.5628188848495483
1777391724.6886256,-1.1372884511947632,0.24936510622501373,-0.26611483097076416,-1.419478178024292,-0.26612696051597595,-1.4194822311401367,1.4155747878678877,-0.2723515364761699,1.4155747890472412,-0.2723340690135956,0.2776757776737213,1.5629595518112183,0.27762147784233093,1.562900185585022
1777391724.775828,-1.137327790260315,0.2493528574705124,-0.26611483097076416,-1.419478178024292,-0.26613712310791016,-1.4194711446762085,1.4155747878678877,-0.2723515364761699,1.415575385093689,-0.27234283089637756,0.2776757776737213,1.5629595518112183,0.2776820957660675,1.5629912614822388
1777391724.9804587,-1.1373257637023926,0.249359592795372,-0.26611483097076416,-1.419478178024292,-0.26613909006118774,-1.4194729328155518,1.4155747878678877,-0.2723515364761699,1.4155769348144531,-0.2723280191421509,0.2776757776737213,1.5629595518112183,0.2776345908641815,1.562920331954956
1777391725.2035327,-1.1373238563537598,0.24934770166873932,-0.26611483097076416,-1.419478178024292,-0.26612919569015503,-1.4194791316986084,1.415574787845562,-0.2723515365386807,1.415579080581665,-0.27235159277915955,0.2776757776737213,1.5629595518112183,0.27754712104797363,1.5627859830856323
1777391725.336944,-1.1373250484466553,0.24935705959796906,-0.26611483097076416,-1.419478178024292,-0.26614144444465637,-1.4194800853729248,1.415574787845562,-0.2723515365386807,1.4156067371368408,-0.2723279297351837,0.2776757776737213,1.5629595518112183,0.2775408923625946,1.562793254852295
1777391725.704951,-1.137324333190918,0.24935947358608246,-0.26611483097076416,-1.419478178024292,-0.26613178849220276,-1.4194896221160889,1.415574787845562,-0.2723515365386807,1.4156215190887451,-0.272301584482193,0.2776757776737213,1.5629595518112183,0.277680367231369,1.5629709959030151
1777391725.8618276,-1.1372778415679932,0.24936328828334808,-0.26611483097076416,-1.419478178024292,-0.2661268711090088,-1.4194799661636353,1.415574787845562,-0.2723515365386807,1.4156291484832764,-0.2722916305065155,0.2776757776737213,1.5629595518112183,0.2775372564792633,1.5628055334091187
1777391725.938446,-1.137328028678894,0.24934034049510956,-0.26611483097076416,-1.419478178024292,-0.2661430835723877,-1.4194715023040771,1.415574787845562,-0.2723515365386807,1.4156230688095093,-0.27231383323669434,0.2776757776737213,1.5629595518112183,0.2775396406650543,1.562790870666504
1777391726.1113665,-1.1373257637023926,0.24934574961662292,-0.26611483097076416,-1.419478178024292,-0.2661410868167877,-1.4194812774658203,1.4155509536018906,-0.27234302640790886,1.4155863523483276,-0.27231404185295105,0.2776757776737213,1.5629595518112183,0.27766066789627075,1.5629639625549316
1777391726.3139043,-1.1373238563537598,0.24934731423854828,-0.26611483097076416,-1.419478178024292,-0.2661485970020294,-1.4194722175598145,1.4155747878019218,-0.2723515366608597,1.4155714511871338,-0.2723410725593567,0.2776757776737213,1.5629595518112183,0.27763354778289795,1.5629537105560303
1777391726.4956627,-1.137312650680542,0.24935084581375122,-0.26611483097076416,-1.419478178024292,-0.26613807678222656,-1.4194834232330322,1.4155747878019218,-0.2723515366608597,1.415579080581665,-0.27234962582588196,0.2776757776737213,1.5629595518112183,0.27757248282432556,1.5628575086593628
1777391726.6594028,-1.1372804641723633,0.24936258792877197,-0.26611483097076416,-1.419478178024292,-0.2661309838294983,-1.4194921255111694,1.4155747878019218,-0.2723515366608597,1.415586233139038,-0.27235016226768494,0.2776757776737213,1.5629595518112183,0.27754804491996765,1.5627797842025757
1777391726.9197881,-1.1373260021209717,0.24935080111026764,-0.26611483097076416,-1.419478178024292,-0.2661289572715759,-1.4194815158843994,1.4155747878019218,-0.2723515366608597,1.4155787229537964,-0.2723524868488312,0.2776757776737213,1.5629595518112183,0.27767711877822876,1.5629311800003052
1777391727.1773758,-1.137317180633545,0.2493557184934616,-0.26611483097076416,-1.419478178024292,-0.26613372564315796,-1.4194754362106323,1.4155747878019218,-0.2723515366608597,1.4155869483947754,-0.2723601460456848,0.2776757776737213,1.5629595518112183,0.27754920721054077,1.5627849102020264
1777391727.3430653,-1.1373363733291626,0.2493406981229782,-0.26611483097076416,-1.419478178024292,-0.266139954328537,-1.419480562210083,1.4155747878019218,-0.2723515366608597,1.4155783653259277,-0.272341251373291,0.2776757776737213,1.5629595518112183,0.27753397822380066,1.5627827644348145
1777391727.461024,-1.1372854709625244,0.24936966598033905,-0.26611483097076416,-1.419478178024292,-0.2661299705505371,-1.41948664188385,1.4155747878019218,-0.2723515366608597,1.41558039188385,-0.27233341336250305,0.2776757776737213,1.5629595518112183,0.27754467725753784,1.5628142356872559
1777391727.6633708,-1.137316107749939,0.24935036897659302,-0.26611483097076416,-1.419478178024292,-0.2661249041557312,-1.419484257698059,1.4155747878019218,-0.2723515366608597,1.415576696395874,-0.27234160900115967,0.2776757776737213,1.5629595518112183,0.27761852741241455,1.562888741493225
1777391727.870755,-1.137309193611145,0.24935267865657806,-0.26611483097076416,-1.419478178024292,-0.26613786816596985,-1.4194927215576172,1.4155747878019218,-0.2723515366608597,1.4155751466751099,-0.2723385691642761,0.2776757776737213,1.5629595518112183,0.2776101529598236,1.5628762245178223
1777391728.0627923,-1.1373106241226196,0.24934440851211548,-0.26611483097076416,-1.419478178024292,-0.26613786816596985,-1.4194899797439575,1.4155747878019218,-0.2723515366608597,1.4155750274658203,-0.27236226201057434,0.2776757776737213,1.5629595518112183,0.27759918570518494,1.5628563165664673
1777391728.2635705,-1.1373053789138794,0.24934907257556915,-0.26611483097076416,-1.419478178024292,-0.2661321759223938,-1.4194965362548828,1.4155747878019218,-0.2723515366608597,1.415581464767456,-0.2723448574542999,0.2776757776737213,1.5629595518112183,0.2776082158088684,1.5628598928451538
1777391728.4640932,-1.1373136043548584,0.24934588372707367,-0.26611483097076416,-1.419478178024292,-0.2661282420158386,-1.4195070266723633,1.415574787519794,-0.27235153745076507,1.4155772924423218,-0.2723562717437744,0.2776757776737213,1.5629595518112183,0.27759674191474915,1.562845230102539
1777391728.665775,-1.1373052597045898,0.24935129284858704,-0.26611483097076416,-1.419478178024292,-0.26613694429397583,-1.419489860534668,1.415574787519794,-0.27235153745076507,1.4155677556991577,-0.2723575234413147,0.2776757776737213,1.5629595518112183,0.2775956392288208,1.5628236532211304
1777391728.8648942,-1.1372963190078735,0.24936498701572418,-0.26611483097076416,-1.419478178024292,-0.2661249339580536,-1.4194856882095337,1.415574787519794,-0.27235153745076507,1.4155664443969727,-0.2723509669303894,0.2776757776737213,1.5629595518112183,0.2775706648826599,1.5628279447555542
1777391729.0679727,-1.1373019218444824,0.24935507774353027,-0.26611483097076416,-1.419478178024292,-0.26613831520080566,-1.419493556022644,1.415574787519794,-0.27235153745076507,1.4155843257904053,-0.2723309397697449,0.2776757776737213,1.5629595518112183,0.27756795287132263,1.5628207921981812
1777391729.2663503,-1.1372965574264526,0.24935664236545563,-0.26611483097076416,-1.419478178024292,-0.2661363482475281,-1.4194905757904053,1.4155509534506872,-0.2723430268312786,1.415576457977295,-0.27233341336250305,0.2776757776737213,1.5629595518112183,0.27755850553512573,1.5628055334091187
1777391729.466968,-1.1372867822647095,0.24936193227767944,-0.26611483097076416,-1.419478178024292,-0.2661312520503998,-1.4194893836975098,1.415574787752206,-0.2723515368000919,1.41556978225708,-0.272352933883667,0.2776757776737213,1.5629595518112183,0.2775529623031616,1.5627988576889038
1777391729.6682162,-1.1372885704040527,0.24935969710350037,-0.26611483097076416,-1.419478178024292,-0.2661300003528595,-1.4194927215576172,1.415574787752206,-0.2723515368000919,1.4155735969543457,-0.27234891057014465,0.2776757776737213,1.5629595518112183,0.27755165100097656,1.5628151893615723
1777391729.8697472,-1.1372851133346558,0.24936267733573914,-0.26611483097076416,-1.419478178024292,-0.26613137125968933,-1.4194947481155396,1.415574787752206,-0.2723515368000919,1.415575623512268,-0.2723529636859894,0.2776757776737213,1.5629595518112183,0.2775438725948334,1.5628114938735962
1777391730.0689654,-1.1372829675674438,0.2493656724691391,-0.26611483097076416,-1.419478178024292,-0.26612719893455505,-1.4194920063018799,1.415574787752206,-0.2723515368000919,1.415567398071289,-0.27235618233680725,0.2776757776737213,1.5629595518112183,0.2775499224662781,1.5628085136413574
1777391730.270508,-1.1372838020324707,0.24936352670192719,-0.26611483097076416,-1.419478178024292,-0.26612597703933716,-1.4194859266281128,1.415574787752206,-0.2723515368000919,1.4155750274658203,-0.2723524570465088,0.2776757776737213,1.5629595518112183,0.2775459885597229,1.5628081560134888
1777391730.47129,-1.137284278869629,0.24937018752098083,-0.26611483097076416,-1.419478178024292,-0.26613202691078186,-1.4194859266281128,1.415574787752206,-0.2723515368000919,1.4155802726745605,-0.2723383605480194,0.2776757776737213,1.5629595518112183,0.27754586935043335,1.5628056526184082
1777391730.6744766,-1.1373088359832764,0.24935266375541687,-0.26611483097076416,-1.419478178024292,-0.2661312222480774,-1.419489860534668,1.415574787752206,-0.2723515368000919,1.4155768156051636,-0.2723418176174164,0.2776757776737213,1.5629595518112183,0.27760469913482666,1.5628774166107178
1777391730.8718328,-1.1372859477996826,0.2493669092655182,-0.26611483097076416,-1.419478178024292,-0.2661327123641968,-1.419490098953247,1.415574787752206,-0.2723515368000919,1.4155726432800293,-0.27235379815101624,0.2776757776737213,1.5629595518112183,0.27754801511764526,1.5627963542938232
1777391731.0800066,-1.1373075246810913,0.24935956299304962,-0.26611483097076416,-1.419478178024292,-0.2661307156085968,-1.4194867610931396,1.415574787752206,-0.2723515368000919,1.4155817031860352,-0.2723398506641388,0.2776757776737213,1.5629595518112183,0.27758321166038513,1.5628509521484375
1777391731.2733943,-1.1372934579849243,0.2493724524974823,-0.26611483097076416,-1.419478178024292,-0.2661325931549072,-1.4194856882095337,1.415574787752206,-0.2723515368000919,1.4155783653259277,-0.27233651280403137,0.2776757776737213,1.5629595518112183,0.2775765061378479,1.5628550052642822
1777391731.4747143,-1.1372913122177124,0.2493697702884674,-0.26611483097076416,-1.419478178024292,-0.2661254405975342,-1.419491171836853,1.415574787752206,-0.2723515368000919,1.4155811071395874,-0.27234122157096863,0.2776757776737213,1.5629595518112183,0.277570515871048,1.5628806352615356
1777391731.6876068,-1.1372946500778198,0.24935823678970337,-0.26611483097076416,-1.419478178024292,-0.266131192445755,-1.4194831848144531,1.415550953352254,-0.2723430271068955,1.4155642986297607,-0.27235594391822815,0.2776757776737213,1.5629595518112183,0.27765828371047974,1.5630055665969849
1777391731.8771427,-1.137282371520996,0.24936912953853607,-0.26611483097076416,-1.419478178024292,-0.266126811504364,-1.4194884300231934,1.4155747878151315,-0.27235153662392764,1.4155735969543457,-0.2723565995693207,0.2776757776737213,1.5629595518112183,0.2775648236274719,1.562827706336975
1777391732.076946,-1.1372859477996826,0.2493721842765808,-0.26611483097076416,-1.419478178024292,-0.266634464263916,-1.4175584316253662,1.4155747878151315,-0.27235153662392764,1.415578842163086,-0.272360235452652,0.2776757776737213,1.5629595518112183,0.277547687292099,1.5628288984298706
1777391732.2865756,-1.1373093128204346,0.24935008585453033,-0.26814999366169534,-1.4012673216314695,-0.26881617307662964,-1.3892195224761963,1.4155747878151315,-0.27235153662392764,1.4155776500701904,-0.2723639905452728,0.2776757776737213,1.5629595518112183,0.2776455581188202,1.56295645236969
1777391732.4779956,-1.1372804641723633,0.24937300384044647,-0.27070310653470275,-1.3682107000966164,-0.2714822292327881,-1.3568346500396729,1.4155747878151315,-0.27235153662392764,1.415579080581665,-0.27236220240592957,0.2776757776737213,1.5629595518112183,0.2775472104549408,1.5628207921981812
1777391732.678469,-1.1372792720794678,0.24936850368976593,-0.27204196167863065,-1.3306263286573075,-0.2725696861743927,-1.3234211206436157,1.4155747878151315,-0.27235153662392764,1.4155750274658203,-0.27236437797546387,0.2776757776737213,1.5629595518112183,0.2775493562221527,1.5627882480621338
1777391732.886112,-1.1373121738433838,0.24934883415699005,-0.27158477771941264,-1.2967168294201148,-0.27207431197166443,-1.2888312339782715,1.4155747876882767,-0.2723515369791014,1.4155853986740112,-0.2723735272884369,0.2776757776737213,1.5629595518112183,0.27761310338974,1.5628572702407837
1777391733.079391,-1.137277603149414,0.24935993552207947,-0.26935078213544816,-1.2627250028801655,-0.26908940076828003,-1.2563215494155884,1.4155747876882767,-0.2723515369791014,1.4155833721160889,-0.2723688781261444,0.2776757776737213,1.5629595518112183,0.277546763420105,1.5627524852752686
1777391733.2830262,-1.137277364730835,0.24935869872570038,-0.2651344945995001,-1.2254813932675719,-0.2647315263748169,-1.2229185104370117,1.4155747876882767,-0.2723515369791014,1.4155771732330322,-0.2723586857318878,0.2776757776737213,1.5629595518112183,0.27754443883895874,1.5627613067626953
1777391733.4854734,-1.1372904777526855,0.2493569403886795,-0.25977554867835345,-1.1918143784560806,-0.2583669424057007,-1.1877015829086304,1.4155747878435487,-0.27235153654436933,1.415574550628662,-0.27236077189445496,0.2776757776737213,1.5629595518112183,0.27760714292526245,1.5628191232681274
1777391733.6821003,-1.1372718811035156,0.24936208128929138,-0.2521492562240001,-1.1548833377116512,-0.25185930728912354,-1.155969262123108,1.4155747878435487,-0.27235153654436933,1.415576457977295,-0.272358238697052,0.2776757776737213,1.5629595518112183,0.27755922079086304,1.5627431869506836
1777391733.8837912,-1.1334538459777832,0.24974289536476135,-0.24407952675993122,-1.1224908125167568,-0.24350321292877197,-1.1221362352371216,1.4155747878435487,-0.27235153654436933,1.4155776500701904,-0.2723380923271179,0.2776757776737213,1.5629595518112183,0.2775636911392212,1.5628231763839722
1777391734.084963,-1.1234443187713623,0.25108328461647034,-0.2337813770855431,-1.0881660926547574,-0.23319794237613678,-1.0909574031829834,1.415550953167569,-0.27234302762403406,1.4155749082565308,-0.27234992384910583,0.2776757776737213,1.5629595518112183,0.27756795287132263,1.5628219842910767
1777391734.2882395,-1.1130132675170898,0.25100359320640564,-0.22286855048810553,-1.0571813136909185,-0.2221108376979828,-1.0609140396118164,1.4155747878131064,-0.2723515366296121,1.414499044418335,-0.27156955003738403,0.2776757776737213,1.5629595518112183,0.27755579352378845,1.5627697706222534
1777391734.485895,-1.1031038761138916,0.24956931173801422,-0.2108539552869303,-1.027287225277417,-0.2094869613647461,-1.0299363136291504,1.3960267304173115,-0.26523616986395865,1.3922274112701416,-0.2644563913345337,0.2776757776737213,1.5629595518112183,0.27756884694099426,1.5628060102462769
1777391734.6874392,-1.0929811000823975,0.24674154818058014,-0.1961049637507128,-0.9946809418790186,-0.1946835219860077,-1.000122308731079,1.3659363274642535,-0.2531752909178389,1.3621735572814941,-0.25295084714889526,0.2776757776737213,1.5629595518112183,0.27755892276763916,1.5627988576889038
1777391734.8884556,-1.0835363864898682,0.24328632652759552,-0.18138623591820957,-0.9646318309174865,-0.179752916097641,-0.9711350202560425,1.335638377661892,-0.23984314757080605,1.3323280811309814,-0.24008655548095703,0.2776757776737213,1.5629595518112183,0.27754488587379456,1.562791109085083
1777391735.095242,-1.0733802318572998,0.23817387223243713,-0.1670756404325717,-0.9353969998536198,-0.16519767045974731,-0.942931056022644,1.3026133480615245,-0.2239076241295034,1.3022844791412354,-0.22608599066734314,0.2776757776737213,1.5629595518112183,0.2776167690753937,1.5628777742385864
1777391735.2880535,-1.0649198293685913,0.231894850730896,-0.15129459468785267,-0.9026557566499718,-0.15165093541145325,-0.9154719114303589,1.279614063760915,-0.21185727951344688,1.273745059967041,-0.21172453463077545,0.2776757776737213,1.5629595518112183,0.27756041288375854,1.5627671480178833
1777391735.4884236,-1.0567119121551514,0.2244630753993988,-0.13727158705399983,-0.8730577330298517,-0.13735097646713257,-0.8867852687835693,1.24151413905658,-0.19034243999799924,1.2456789016723633,-0.19499416649341583,0.2776757776737213,1.5629595518112183,0.2775576412677765,1.5627554655075073
1777391735.6938827,-1.0523358583450317,0.2186531126499176,-0.12358605522688332,-0.8432198521959746,-0.12163746356964111,-0.8548193573951721,1.2177957669249355,-0.1761611741870462,1.215388298034668,-0.1772313266992569,0.2776757776737213,1.5629595518112183,0.27762582898139954,1.5628114938735962
1777391735.8928475,-1.0469175577163696,0.21125416457653046,-0.1252986814644097,-0.8687767450455771,-0.10822494328022003,-0.824110746383667,1.1820959416103436,-0.15321615674746775,1.1882504224777222,-0.15964461863040924,0.2776757776737213,1.5629595518112183,0.2776094973087311,1.5628236532211304
1777391736.091486,-1.0459599494934082,0.20980249345302582,-0.11397058878041308,-0.8375894275978849,-0.09776186943054199,-0.7949148416519165,1.1509733581564747,-0.13130832168382228,1.1604613065719604,-0.14211983978748322,0.2776757776737213,1.5629595518112183,0.2775424122810364,1.5627893209457397
1777391736.2912724,-1.0454599857330322,0.20903372764587402,-0.10391168654537022,-0.8038338345820837,-0.08864674717187881,-0.7674574851989746,1.1294045751722241,-0.11493691949749454,1.1323461532592773,-0.11942282319068909,0.2776757776737213,1.5629595518112183,0.27755823731422424,1.5627808570861816
1777391736.4924178,-1.0449367761611938,0.20817765593528748,-0.09712859693603197,-0.7728075040983126,-0.0811474621295929,-0.7368051409721375,1.0939008504990884,-0.08616106848221006,1.105441927909851,-0.09875084459781647,0.2776757776737213,1.5629595518112183,0.27753931283950806,1.5628045797348022
1777391736.692766,-1.0454548597335815,0.20710135996341705,-0.09263463794280499,-0.7402501053508539,-0.07653805613517761,-0.7132692337036133,1.0682715529744646,-0.06345702623034646,1.081173300743103,-0.07567384093999863,0.2776757776737213,1.5629595518112183,0.2775459289550781,1.562804102897644
1777391736.893252,-1.0511406660079956,0.20430994033813477,-0.09316761321225978,-0.7212113438741065,-0.07488072663545609,-0.6979416608810425,1.042981927759757,-0.03933765902097314,1.055404543876648,-0.051832135766744614,0.2776757776737213,1.5629595518112183,0.2775645852088928,1.562807321548462
1777391737.0931053,-1.0556378364562988,0.20298245549201965,-0.09803387747149304,-0.7040509150854372,-0.07675085961818695,-0.6844767332077026,1.01630930878337,-0.011903670261815713,1.0324795246124268,-0.02860371209681034,0.2776757776737213,1.5629595518112183,0.27745071053504944,1.5621836185455322
1777391737.2957838,-1.0602364540100098,0.19878968596458435,-0.10546466084219312,-0.6918333919227473,-0.08023874461650848,-0.6743266582489014,0.9935723540609034,0.012981714620753537,1.0091972351074219,-0.0035061638336628675,0.2788555711743416,1.556212130808638,0.27453210949897766,1.5532146692276
1777391737.4949222,-1.065125823020935,0.1934642493724823,-0.11520468343285727,-0.6827410069209463,-0.08737798035144806,-0.6652103662490845,0.9707860377054575,0.03951285529987153,0.9875330328941345,0.02105676382780075,0.2830825992310332,1.5459959823256362,0.27305707335472107,1.5406030416488647
1777391737.6982539,-1.0698550939559937,0.18632188439369202,-0.12760173133293384,-0.6766452307440151,-0.09449878334999084,-0.6597988605499268,0.946216234212796,0.06966620902989812,0.9664776921272278,0.0461781844496727,0.29011197631531843,1.5368489498642492,0.27352964878082275,1.527091145515442
1777391737.8976593,-1.073033332824707,0.17922483384609222,-0.138384225147959,-0.6747366501939132,-0.10234199464321136,-0.656403660774231,0.9264641975748498,0.09660447128988858,0.9465463161468506,0.07381051033735275,0.30052088377046043,1.5294727841813216,0.2794686555862427,1.5150560140609741
1777391738.100606,-1.0727168321609497,0.17237301170825958,-0.148711603247364,-0.6758915175093457,-0.11005580425262451,-0.6546300053596497,0.9044655489307949,0.12809793750848636,0.9273554682731628,0.100590281188488,0.3065971143569594,1.527998672396163,0.28837671875953674,1.5047234296798706
1777391738.2986412,-1.0719711780548096,0.16375182569026947,-0.15767109704459606,-0.6795107855745055,-0.1160537600517273,-0.6550768613815308,0.8852613439275459,0.15668989865405886,0.908103346824646,0.12810008227825165,0.3184456611611433,1.5273837898094818,0.30071938037872314,1.4967471361160278
1777391738.5002859,-1.0688230991363525,0.15675368905067444,-0.16643182557485448,-0.6861757474297527,-0.12442267686128616,-0.6586344838142395,0.8669391106679968,0.18567472742468738,0.8901288509368896,0.1555701047182083,0.33090251647537555,1.530389710053909,0.31259679794311523,1.4930380582809448
1777391738.7021706,-1.063112497329712,0.15102964639663696,-0.17437328078575504,-0.6973439232188184,-0.12954670190811157,-0.6626380085945129,0.8479847571193344,0.2178321526127931,0.8734092712402344,0.18594945967197418,0.3410982153275728,1.53615309370858,0.3273890018463135,1.494215488433838
1777391738.9036708,-1.0553486347198486,0.14473095536231995,-0.1752471183276642,-0.7011127317260034,-0.133544459939003,-0.669213056564331,0.831898464948049,0.2481958246269121,0.8574555516242981,0.21514199674129486,0.34782904081180943,1.5425357331849157,0.34114065766334534,1.4982664585113525
1777391739.1035678,-1.0461652278900146,0.14062899351119995,-0.17634892059078788,-0.7125246144287842,-0.1360762119293213,-0.6766738891601562,0.8168456115892742,0.2814341348717722,0.8441448211669922,0.24279528856277466,0.35502846761572904,1.5548682974554107,0.35121437907218933,1.5048376321792603
1777391739.3050456,-1.0395104885101318,0.14069534838199615,-0.17268457576940532,-0.7286876079572202,-0.13606703281402588,-0.686320960521698,0.8054773387293997,0.3117891114064411,0.8325990438461304,0.2703002393245697,0.35770335412101306,1.567451346165948,0.36041519045829773,1.515671730041504
1777391739.5045907,-1.0372793674468994,0.14714832603931427,-0.16779586603825497,-0.737622254777432,-0.1335981786251068,-0.6969313621520996,0.7953882297329097,0.3462477351198648,0.8235101699829102,0.2999131679534912,0.3566217664382512,1.5794393185263262,0.3650094270706177,1.526284098625183
1777391739.7056289,-1.0415236949920654,0.15143413841724396,-0.15495604885948755,-0.7503908008820993,-0.1269293874502182,-0.7061567902565002,0.7886899851970146,0.37713253669296326,0.8162034749984741,0.32805335521698,0.3528322995965514,1.5903306400062938,0.36550429463386536,1.5397193431854248
1777391739.9073076,-1.0526444911956787,0.15634329617023468,-0.14007115293552824,-0.7583175955454774,-0.11405211687088013,-0.7156507968902588,0.78468340012053,0.40959843716267014,0.8112277388572693,0.35742098093032837,0.3454121083838335,1.6007706740807486,0.3642386496067047,1.5541346073150635
1777391740.1067443,-1.0694553852081299,0.15654540061950684,-0.12180439068194258,-0.7634528464111027,-0.09923131763935089,-0.7223697900772095,0.7841277751603262,0.43972379549283086,0.8094130754470825,0.3857307434082031,0.33554074777135345,1.6086392691726998,0.35810983180999756,1.5657578706741333
1777391740.3074646,-1.0851597785949707,0.1522660106420517,-0.0996760167179999,-0.7644194057104343,-0.07947970926761627,-0.725934624671936,0.7869490136699793,0.4724396440215986,0.8103249073028564,0.41405168175697327,0.3236273727215469,1.613976240011112,0.3578038215637207,1.5706661939620972
1777391740.5092924,-1.091930866241455,0.14717605710029602,-0.08876756321760271,-0.7631484512092791,-0.07440124452114105,-0.7246389389038086,0.7918080855793196,0.4951267963616414,0.8091189861297607,0.42748594284057617,0.3427776936015984,1.6081446600510574,0.3855256736278534,1.56344735622406
1777391740.7104175,-1.1008437871932983,0.13581879436969757,-0.09768627450061765,-0.7625666801908592,-0.08216345310211182,-0.7216052412986755,0.7973553799188814,0.5063755815484359,0.8076615333557129,0.43421730399131775,0.3745959333179633,1.5996839701916212,0.41781312227249146,1.556161642074585
1777391740.9127839,-1.1078180074691772,0.12647007405757904,-0.11225655297812631,-0.7579889208340073,-0.0950111597776413,-0.7130391597747803,0.802585310699641,0.5121588163646484,0.8050004243850708,0.4392450153827667,0.4087925955403887,1.5927503605854694,0.4481666088104248,1.5516160726547241
1777391741.1133919,-1.1150150299072266,0.1203588992357254,-0.1277423599241744,-0.7487763359367922,-0.1087978333234787,-0.6999213099479675,0.8083295978384506,0.5158280206768293,0.8040463924407959,0.4446663558483124,0.4358274573104034,1.5901548791238171,0.4740830659866333,1.5543960332870483
1777391741.3178127,-1.1194572448730469,0.11473442614078522,-0.14500981883515524,-0.7326795023751322,-0.1220489963889122,-0.6827349662780762,0.8147081066467544,0.5176476772540892,0.8033831119537354,0.44960543513298035,0.4585551062849275,1.5921339845221965,0.49116066098213196,1.5623571872711182
1777391741.5154324,-1.119653344154358,0.10704626142978668,-0.16171322719921563,-0.7116395152881874,-0.13742724061012268,-0.6616256237030029,0.8212184576484368,0.5176077417106026,0.8059571981430054,0.4553720951080322,0.4761514514296432,1.5978043542274598,0.5068231225013733,1.5750659704208374
1777391741.714326,-1.117459774017334,0.09927596896886826,-0.17921235359864823,-0.6849610768762296,-0.1523379683494568,-0.6347671747207642,0.8286803694043385,0.5155119231742533,0.8103122115135193,0.45867711305618286,0.4900940348875616,1.6064648330724107,0.5159633755683899,1.5853996276855469
1777391741.9160953,-1.118628978729248,0.08485985547304153,-0.19388485609725853,-0.6583993281677424,-0.16557401418685913,-0.6082051992416382,0.8361547174469143,0.5109550262251128,0.815582811832428,0.46117523312568665,0.4999077438823465,1.6169855414754553,0.5177485942840576,1.60384202003479
1777391742.1173344,-1.1225186586380005,0.07380330562591553,-0.2093935201069519,-0.6263471812924138,-0.17816871404647827,-0.5790653228759766,0.8417504231866655,0.5047162333744641,0.8242979049682617,0.4581804871559143,0.5066225240939293,1.6305757509068288,0.5167170166969299,1.6171618700027466
1777391742.5149431,-1.132200002670288,0.023221664130687714,-0.231728734850131,-0.579279690357738,-0.20295420289039612,-0.5281173586845398,0.8653345731035119,0.4561343157931897,0.8497505187988281,0.4083826243877411,0.5072317639377433,1.6583154531068602,0.5031937956809998,1.6517691612243652
1777391742.7184095,-1.1327240467071533,-0.01060671079903841,-0.24991333682757566,-0.5466769200628698,-0.21929490566253662,-0.4986063838005066,0.8790548508848486,0.42693617777856213,0.8607743978500366,0.3801021873950958,0.500187470828932,1.6825275986496697,0.4937669038772583,1.6644669771194458
1777391742.927252,-1.1335289478302002,-0.04748144745826721,-0.2667671691195466,-0.5176837020429322,-0.23708412051200867,-0.466060608625412,0.8935776299896914,0.4032374346422451,0.8693393468856812,0.3582087457180023,0.4986250922264539,1.6861939420136338,0.49087125062942505,1.657231092453003
1777391743.1197371,-1.136714220046997,-0.07684978097677231,-0.2851355789057086,-0.48469150829942287,-0.2518952190876007,-0.4375215768814087,0.9039927706552683,0.3925186541795303,0.8764471411705017,0.3443179428577423,0.5089621099329545,1.6750957891993696,0.5012046098709106,1.6417878866195679
1777391743.339857,-1.1412581205368042,-0.10790405422449112,-0.30089643483834055,-0.4544036496443656,-0.2695874273777008,-0.40358757972717285,0.9109388386465459,0.38862639553320594,0.882741391658783,0.33495697379112244,0.5357613367567275,1.6550313545843651,0.5238032341003418,1.6230835914611816
1777391743.5220356,-1.1490800380706787,-0.12783227860927582,-0.3326826125627882,-0.4125275390801759,-0.28294336795806885,-0.3761070966720581,0.9109311664561031,0.3885892411867223,0.8840569257736206,0.3294401466846466,0.5561416261626597,1.6408992082207732,0.5474923849105835,1.6066440343856812
1777391743.721843,-1.1568535566329956,-0.13667166233062744,-0.3507385020803156,-0.37994225359486444,-0.3007955551147461,-0.3457481265068054,0.9086631520107757,0.38844213620646223,0.8859304785728455,0.32566776871681213,0.5759178471251838,1.6250136711092746,0.5632812976837158,1.5978878736495972
1777391743.9233568,-1.1705272197723389,-0.14459723234176636,-0.3692573128973721,-0.35099723895907664,-0.3191125690937042,-0.3182002007961273,0.90400378261814,0.3868559714393786,0.8865603804588318,0.31888580322265625,0.5843537233920917,1.614968865248179,0.5717364549636841,1.599734902381897
1777391744.1225266,-1.1853440999984741,-0.14735105633735657,-0.3865144837971782,-0.32933177880286646,-0.33740514516830444,-0.2983951270580292,0.8968759285184689,0.3819007551349443,0.886588990688324,0.3116699159145355,0.5839311487870856,1.6162672806944574,0.5779404044151306,1.6062804460525513
1777391744.3250782,-1.180173397064209,-0.1417173147201538,-0.40220626519554203,-0.31476519766146355,-0.35697492957115173,-0.2857663929462433,0.8911246861940747,0.3750264583454707,0.8886193037033081,0.3083569407463074,0.5832916390897012,1.6317275412005319,0.5837141871452332,1.6230926513671875
1777391744.5236747,-1.1639018058776855,-0.13467735052108765,-0.41695932135745806,-0.30654984867449253,-0.3711186647415161,-0.28206565976142883,0.8907911169728293,0.37539177119548933,0.8961892127990723,0.318045437335968,0.5857184169768864,1.6467065229095572,0.5929445624351501,1.6415271759033203
1777391744.726012,-1.1466892957687378,-0.13188275694847107,-0.42344397621736385,-0.3049029552143162,-0.3792821764945984,-0.28339335322380066,0.8962817351342126,0.3989237854135917,0.9028584957122803,0.34382525086402893,0.5920071563980318,1.6647607540333929,0.6038427352905273,1.6526576280593872
1777391744.9247699,-1.1248650550842285,-0.1363394558429718,-0.45289910950289,-0.2407543204070191,-0.37571200728416443,-0.28500327467918396,0.9041052866407289,0.42575976963151746,0.906136691570282,0.3636677861213684,0.5928382774012199,1.6673910242773966,0.6054466962814331,1.6495939493179321
1777391745.1261384,-1.099118947982788,-0.1520129144191742,-0.4430494606573768,-0.2371792122334842,-0.36513203382492065,-0.28365984559059143,0.9147978216711592,0.44738827433497336,0.9152930974960327,0.3852033019065857,0.5792904975208939,1.656890315007737,0.5939664244651794,1.6310625076293945
1777391745.5256028,-1.0785777568817139,-0.1759161353111267,-0.4072478181636288,-0.20735526685122685,-0.32795843482017517,-0.25590160489082336,0.9530277692241593,0.5022326968963575,0.9526594281196594,0.4386242628097534,0.5243470769901439,1.6278026593066701,0.5415747165679932,1.5992438793182373
1777391745.727021,-1.0773892402648926,-0.1811240315437317,-0.38934205018573786,-0.18529877273009407,-0.30987754464149475,-0.23562198877334595,0.9688764933242324,0.5268671281521451,0.9683868288993835,0.4593725800514221,0.49367260867755547,1.6148240421119864,0.5106416940689087,1.5852797031402588
1777391745.9300756,-1.0640995502471924,-0.1840711534023285,-0.3723908034037303,-0.15851016808846727,-0.2939486503601074,-0.21214036643505096,0.9769347930740635,0.5464716652525441,0.9806274175643921,0.4803762435913086,0.458712736726828,1.6015124579241615,0.47952309250831604,1.5733108520507812
1777391746.1284206,-1.0451613664627075,-0.18012823164463043,-0.3516106638646695,-0.09873687715720593,-0.2810053825378418,-0.18616944551467896,0.9805752396290259,0.5693708335921679,0.988386869430542,0.5038856267929077,0.42691295015350594,1.589221584933851,0.4460451602935791,1.5620397329330444
1777391746.3330054,-1.0208104848861694,-0.1680210381746292,-0.3400504183593454,-0.06778182602482179,-0.2696641981601715,-0.16002622246742249,0.9796592684635402,0.5938244588083812,0.9897361993789673,0.5314414501190186,0.3956804804220434,1.575814198713492,0.4158415198326111,1.5509883165359497
1777391746.5303345,-0.9969147443771362,-0.15040753781795502,-0.33212456800356777,-0.03818166856464325,-0.26091939210891724,-0.13091237843036652,0.9747205976504817,0.6209240930204187,0.9848179221153259,0.5624023675918579,0.3643705627860542,1.5597394506592521,0.38763317465782166,1.5390715599060059
1777391746.731565,-0.9749493598937988,-0.12805776298046112,-0.29290434476334715,-0.04808793982348832,-0.2541419267654419,-0.09963855147361755,0.9628195860744593,0.6594697798614706,0.9774506092071533,0.5921989679336548,0.3431160222741549,1.545401741114824,0.366323858499527,1.5291701555252075
1777391746.9344249,-0.9543527364730835,-0.10220623761415482,-0.29012771432579576,-0.027791044502133724,-0.2502254843711853,-0.06729550659656525,0.9535139159786388,0.6819915978560178,0.9652353525161743,0.6250096559524536,0.32948563219374977,1.5315555788888,0.34570297598838806,1.5190997123718262
1777391747.1316717,-0.9359689950942993,-0.07541109621524811,-0.290181749033619,-0.05050620818815798,-0.2474905252456665,-0.03760901838541031,0.9337694677867314,0.7232646142484338,0.9517935514450073,0.6556780338287354,0.3176508046501823,1.5120792192075945,0.33104372024536133,1.5030208826065063
1777391747.3319154,-0.9202101230621338,-0.04629555717110634,-0.278843179003063,0.007745785941715993,-0.24710628390312195,-0.006319472566246986,0.9187564464706877,0.7542336364717861,0.9367407560348511,0.6858164668083191,0.3077217246964938,1.487745143105979,0.3171234428882599,1.4795801639556885
1777391747.5336356,-0.9067296981811523,-0.015152379870414734,-0.2638560143344919,0.04513832709854087,-0.2488299012184143,0.028337882831692696,0.9093050960957169,0.777050574264488,0.9243837594985962,0.7141216397285461,0.2986353661068642,1.4559506830471103,0.30671462416648865,1.449628472328186
1777391747.7334154,-0.8951444029808044,0.017068030312657356,-0.20707341764254014,0.04625155304698575,-0.25178268551826477,0.0626467689871788,0.897196277301985,0.8162743998056634,0.9145442247390747,0.7412464618682861,0.29233263929948183,1.4250336257953031,0.2987019121646881,1.418494462966919
1777391747.9371338,-0.8867816925048828,0.049708399921655655,-0.20194035380016226,0.08187806913106578,-0.2566257417201996,0.09677489846944809,0.8917241710273585,0.8410086604997078,0.9070850014686584,0.7740908265113831,0.28743784162979347,1.3921171758955189,0.2939988970756531,1.386592149734497
1777391748.135539,-0.8800609707832336,0.08193877339363098,-0.22583812443580628,0.130130505179847,-0.2614457905292511,0.1301065981388092,0.8829267774188199,0.8862709794391908,0.9003244042396545,0.8060327768325806,0.28216480987759357,1.3550867214802205,0.2886594533920288,1.3529959917068481
1777391748.336077,-0.8722438216209412,0.11306280642747879,-0.24389889929137618,0.17998326400154854,-0.2651384472846985,0.16459283232688904,0.8777131400578948,0.9200608639430927,0.8955197334289551,0.8377814292907715,0.277079288874806,1.3206883018642015,0.28311076760292053,1.3183164596557617
1777391748.535952,-0.8646825551986694,0.14675399661064148,-0.2417031007797576,0.23789263793357363,-0.26789963245391846,0.19861963391304016,0.8744346006356617,0.9443900552559741,0.8925292491912842,0.8650326728820801,0.2722281386300349,1.2857451379935645,0.27842336893081665,1.2847726345062256
1777391748.7372878,-0.859412431716919,0.1798185408115387,-0.25762699081396734,0.2742411087121018,-0.27122390270233154,0.23345844447612762,0.8704549038797302,0.9699979015593181,0.8911643624305725,0.8809014558792114,0.2677636659177616,1.2481255209646474,0.2738726735115051,1.2520647048950195
1777391748.9411223,-0.8561033606529236,0.21395018696784973,-0.2934580122686384,0.32413793646517125,-0.27482783794403076,0.26707330346107483,0.8689957823120106,0.9793756754981602,0.8899643421173096,0.8886584639549255,0.26473357891014865,1.2135628617090832,0.2704991102218628,1.2189162969589233
1777391749.1391425,-0.8547077178955078,0.24655762314796448,-0.2819019100887705,0.3451729174262047,-0.2781277000904083,0.30074554681777954,0.8679708379868388,0.9853623188819318,0.8897419571876526,0.8951491117477417,0.26215077990088803,1.178658631525661,0.2674989104270935,1.1848772764205933
1777391749.3411999,-0.855963945388794,0.27942153811454773,-0.30674853919444317,0.379558219986183,-0.2801831364631653,0.334981232881546,0.8672953568937929,0.9887372552117797,0.8894731998443604,0.897378146648407,0.2595791311447548,1.1450225101698002,0.26410162448883057,1.1513843536376953
1777391749.5424304,-0.8586318492889404,0.31347495317459106,-0.32562915305065604,0.41362666395577397,-0.2814916670322418,0.3691922426223755,0.8670005788010395,0.9901235130584953,0.8894104957580566,0.8988320231437683,0.2575916534952216,1.11565853251996,0.2619047462940216,1.1282325983047485
1777391749.7394779,-0.8622491955757141,0.3472944498062134,-0.320384609122632,0.4416489950540862,-0.28392282128334045,0.40370455384254456,0.8665336163031523,0.9921195137089893,0.8897119760513306,0.9015601873397827,0.2568588658569454,1.1007708298507293,0.2614467144012451,1.1154078245162964
1777391749.9413512,-0.8679774403572083,0.3812389373779297,-0.34317906388362285,0.4715317429026708,-0.28737005591392517,0.4377465546131134,0.8662293008776564,0.9932693571515034,0.8902903199195862,0.9030492901802063,0.25611233181806525,1.091793228096589,0.26204702258110046,1.1082626581192017
1777391750.1438632,-0.8752738833427429,0.4145740568637848,-0.35292658047655834,0.5110752433355715,-0.28992846608161926,0.4734964072704315,0.8662365148662124,0.9932450991641946,0.8906427621841431,0.9033536314964294,0.2557035722293696,1.0880446947306457,0.26206403970718384,1.1054036617279053
1777391750.3436465,-0.8816497325897217,0.44800227880477905,-0.3454844955045297,0.5381302752770578,-0.29097938537597656,0.5023782253265381,0.866260353565014,0.9931730122967479,0.8910526037216187,0.9035415053367615,0.2555949563465221,1.0863789053952326,0.2577924132347107,1.103485345840454
1777391750.542928,-0.8889833688735962,0.48152393102645874,-0.35510899736611434,0.5582639255396873,-0.29475903511047363,0.527635931968689,0.8662607822308133,0.9931731618783306,0.8911657333374023,0.9038488864898682,0.2556109723128032,1.0861263695174068,0.25626420974731445,1.103027582168579
1777391750.7438946,-0.8974484801292419,0.513835608959198,-0.36599635256002216,0.5687979270114915,-0.30170321464538574,0.5539411902427673,0.8662686080029991,0.99314907622188,0.8914505839347839,0.9047860503196716,0.25559365249893046,1.0863026614280793,0.2570560574531555,1.1034265756607056
1777391750.9452336,-0.9031015038490295,0.5487883687019348,-0.34848293605014136,0.567724011375475,-0.3110405206680298,0.5848376154899597,0.8659459457666175,0.993946702588203,0.891532838344574,0.9066898226737976,0.25559473554674084,1.0863027351651087,0.25850704312324524,1.103500247001648
1777391751.147775,-0.9084532856941223,0.5826688408851624,-0.35882930843877814,0.5991398337819309,-0.32225343585014343,0.6159703731536865,0.865753669984695,0.9943874279868983,0.8915906548500061,0.9073200225830078,0.25559553383676914,1.0863786445292245,0.2605598568916321,1.104279637336731
1777391751.3451269,-0.9133006930351257,0.6165414452552795,-0.3525405046778331,0.6148942242948942,-0.3308614194393158,0.6439891457557678,0.8653536072677033,0.9952340208086567,0.8915033340454102,0.9093198180198669,0.2555058685854397,1.0855741695685575,0.26305443048477173,1.102648377418518
1777391751.55009,-0.9152061939239502,0.6508895754814148,-0.345189074210269,0.6467848722783909,-0.336385577917099,0.6705816984176636,0.8622606014357194,1.0004856938327722,0.8902963995933533,0.9171375632286072,0.2552905014521827,1.0842246907654371,0.2626268267631531,1.102345585823059
1777391751.747817,-0.9163934588432312,0.6835981607437134,-0.3498728727270191,0.6763145316777166,-0.33844390511512756,0.700972318649292,0.8629273488481732,0.9993497534598632,0.8923062682151794,0.9105296730995178,0.2553815899332122,1.085713799519766,0.25788238644599915,1.1044888496398926
1777391751.9489133,-0.9168789982795715,0.718784749507904,-0.34948572537764827,0.7017556452370791,-0.33755311369895935,0.7339364290237427,0.8658497921966688,0.9939688746021078,0.8929888606071472,0.9067001342773438,0.2552943434886304,1.086975431310535,0.25669747591018677,1.1052953004837036
1777391752.148428,-0.9151185750961304,0.7541409730911255,-0.34956272466471233,0.7329570801471924,-0.3369442820549011,0.7615445852279663,0.8658726562564996,0.9939237180211076,0.8929803371429443,0.9067012071609497,0.25528391126470495,1.0872029318099932,0.2606448531150818,1.1060075759887695
1777391752.3518133,-0.9152492880821228,0.7876206636428833,-0.41106791681323646,0.835717688179996,-0.33963292837142944,0.7910993695259094,0.8658726562564996,0.9939237180211076,0.8929052948951721,0.9068639278411865,0.2552266272849737,1.0861670568408937,0.25850561261177063,1.104630947113037
1777391752.7483807,-0.9131841063499451,0.8350520133972168,-0.41662063837388114,0.8874143551440303,-0.3444083333015442,0.8484982848167419,0.8628880694488974,0.9992121677673547,0.8911271095275879,0.9130064249038696,0.25522721563422196,1.0861164158638272,0.2591082453727722,1.1052247285842896
1777391752.9533095,-0.9202203750610352,0.8578768968582153,-0.4237529535194824,0.9289836779725605,-0.3454701900482178,0.8717267513275146,0.8638072128775297,0.9975806146826232,0.8917267322540283,0.9097620248794556,0.25522130264204995,1.0859646578612503,0.259555459022522,1.1048970222473145
1777391753.1551988,-0.9286603927612305,0.8696703910827637,-0.4292294991255751,0.9110961309443191,-0.34761619567871094,0.8820948600769043,0.8647698463476786,0.9956570343648077,0.8917350769042969,0.9082039594650269,0.2552276545812903,1.0852565733223256,0.25690123438835144,1.103941798210144
1777391753.3538787,-0.9318712949752808,0.8831656575202942,-0.42976142720282157,0.9215284625298852,-0.3492441177368164,0.8895903825759888,0.8627261716804858,0.999441614079819,0.8903989791870117,0.9146815538406372,0.2552329556206905,1.085206232822807,0.25872528553009033,1.1042509078979492
1777391753.5554345,-0.9330302476882935,0.8948193192481995,-0.43329898126248645,0.9381383905867102,-0.34843817353248596,0.8924154043197632,0.8608443274487014,1.002473073767817,0.8904027938842773,0.9155421853065491,0.2552316153320179,1.0853074302808539,0.26122206449508667,1.1051632165908813
1777391753.754937,-0.9348328113555908,0.8951786756515503,-0.4279574855291009,0.9298754971849035,-0.34714648127555847,0.8891348838806152,0.8629557479267917,0.9989298146164891,0.8916826248168945,0.9109255075454712,0.25521999664439265,1.0850799840283405,0.2594727873802185,1.1049283742904663
1777391753.9566283,-0.9359966516494751,0.8972111940383911,-0.4073823324843576,0.9219108481451267,-0.34648942947387695,0.8954225182533264,0.8633442680970683,0.9982192571780186,0.8911721110343933,0.9121055603027344,0.2552168459382477,1.0852824029585248,0.2591818869113922,1.104825496673584
1777391754.1560159,-0.9365935325622559,0.8985910415649414,-0.40876154864543135,0.9294998872620673,-0.3458106815814972,0.9015533924102783,0.8616362969641433,1.0010898370342527,0.8903450965881348,0.9153960943222046,0.25521551374150864,1.0852571118283687,0.26085129380226135,1.1048533916473389
1777391754.5577118,-0.9372208118438721,0.8980697393417358,-0.4125733188239444,0.9445697934681271,-0.3463348150253296,0.8957091569900513,0.8626623167757703,0.9993444706895807,0.8911372423171997,0.912480354309082,0.2549089780443879,1.0826701955075815,0.262548565864563,1.1028895378112793
1777391754.7580283,-0.9366681575775146,0.8985830545425415,-0.41843728499450505,0.9485382753760689,-0.3458746075630188,0.9011738300323486,0.8624963972862953,0.9996285658704924,0.890806257724762,0.9134973287582397,0.25477379963534996,1.0816925905994792,0.2629890441894531,1.101374626159668
1777391754.960293,-0.9376255869865417,0.8990542888641357,-0.4117436494934012,0.9442942233056328,-0.34614700078964233,0.8925184011459351,0.8618591114577736,1.0006923263953276,0.8905534744262695,0.9148127436637878,0.2545949737431041,1.080670526991121,0.2618163228034973,1.10234534740448
1777391755.1580288,-0.9372149705886841,0.9002794623374939,-0.4114909997685699,0.9480546087842701,-0.34504401683807373,0.8937922120094299,0.8613771951127458,1.0014654889453967,0.8904979825019836,0.9157748222351074,0.25466120227764244,1.0820596747154045,0.2586512565612793,1.1030948162078857
1777391755.3599205,-0.9382883310317993,0.9009202122688293,-0.4146059312552712,0.9450762697079288,-0.34549832344055176,0.8981254696846008,0.8612956058459365,1.0015935508491691,0.890285849571228,0.916590690612793,0.25466373814460036,1.082565595248635,0.2628357708454132,1.1039297580718994
1777391755.5609822,-0.938692033290863,0.9010071754455566,-0.42313077531321475,0.948526002706511,-0.3450237214565277,0.8936216831207275,0.8581031373915677,1.0059657696758642,0.8873890042304993,0.9252849817276001,0.25465031467818633,1.0824652582629652,0.2623031437397003,1.1042765378952026
1777391755.7627885,-0.9362480640411377,0.9006712436676025,-0.42042569286140435,0.9592548597583818,-0.34456169605255127,0.8982873558998108,0.8585982594914432,1.005227686396286,0.8913364410400391,0.9161132574081421,0.25470100354185954,1.0832476400435063,0.25928765535354614,1.104819893836975
1777391755.9622717,-0.9355478882789612,0.9017287492752075,-0.42066627798993617,0.9625982492005659,-0.34463536739349365,0.8984962105751038,0.864922024744126,0.9952533165622635,0.8942384719848633,0.9072306752204895,0.25464511722470395,1.08216119922351,0.26274579763412476,1.1031800508499146
1777391756.162234,-0.936125636100769,0.9012091159820557,-0.4168244058746004,0.9530443104596781,-0.34425753355026245,0.8908487558364868,0.8640460940636789,0.9966168241309836,0.891958475112915,0.9143161773681641,0.2543695882490668,1.0804893399212694,0.2640582323074341,1.10127854347229
1777391756.3615973,-0.9364453554153442,0.9011833667755127,-0.4145625964156061,0.949498203030736,-0.3434951603412628,0.8955771327018738,0.8603970037734745,1.0018770750651942,0.8910351395606995,0.9163249731063843,0.2544869835231556,1.0816725392792221,0.2589685320854187,1.1051157712936401
1777391756.563451,-0.9360163807868958,0.9008811116218567,-0.3985786072208318,0.9465133170740745,-0.3432982861995697,0.9028074741363525,0.8639719639933869,0.9961764333211809,0.8937743306159973,0.9057570099830627,0.2544572756060195,1.083215425946016,0.2579135298728943,1.1050746440887451
1777391756.7633796,-0.9378471374511719,0.9002856016159058,-0.40858287048570213,0.9439562411376429,-0.3444115221500397,0.8966028690338135,0.8651427793293098,0.9939330316420687,0.8928067088127136,0.9095160365104675,0.25445625265873534,1.0832658534845472,0.26275694370269775,1.1058725118637085
1777391757.162869,-0.9350416660308838,0.8982012867927551,-0.41324247964110544,0.9737182094420296,-0.3424030542373657,0.8958421945571899,0.8577982394974523,1.0052887396950134,0.8869178891181946,0.9261630773544312,0.25442161330858837,1.0825102010218217,0.2568804621696472,1.1049151420593262
1777391757.3651745,-0.9337526559829712,0.8983795642852783,-0.4116964636914799,0.9687988621942606,-0.3407042622566223,0.9055981636047363,0.853706455499804,1.0100127724515735,0.8876433372497559,0.9252573251724243,0.2544266906118902,1.0825104788483855,0.26160985231399536,1.1058176755905151
1777391757.5651221,-0.9333850145339966,0.8986576795578003,-0.40748594624661666,0.9740516609631376,-0.34019750356674194,0.9064271450042725,0.8591272656156006,1.0032063378747342,0.8916584849357605,0.9152737855911255,0.2543449027570801,1.0816286151081904,0.26173239946365356,1.1048383712768555
1777391757.7657773,-0.9334811568260193,0.8995421528816223,-0.4093434559622116,0.9736397203165684,-0.3418103754520416,0.895840048789978,0.8614844602754268,0.9997904959021664,0.8917646408081055,0.9146032333374023,0.25431682636446873,1.081224818034245,0.2584443688392639,1.1040817499160767
1777391757.966891,-0.9342456459999084,0.900365948677063,-0.4136138339060441,0.9619523031701301,-0.34133023023605347,0.8964860439300537,0.8603328967249351,1.001455647736151,0.8910433053970337,0.9159160852432251,0.2543236305785572,1.081022493596264,0.2602522671222687,1.105318546295166
1777391758.1675205,-0.9336135983467102,0.9005817174911499,-0.4207896626171351,0.9576400506333607,-0.3401094079017639,0.9059686064720154,0.8602891799407092,1.001517720170483,0.8911136984825134,0.9157841205596924,0.2542998458692033,1.0807705253522508,0.26265013217926025,1.1043434143066406
1777391758.3680325,-0.9321954846382141,0.9018440246582031,-0.4226240198350151,0.9661307998397027,-0.34049075841903687,0.9015668630599976,0.8602177191058273,1.001622146522,0.8911396265029907,0.915388822555542,0.25426200274915134,1.0803928292371818,0.2600497007369995,1.1045339107513428
1777391758.5692625,-0.9317247867584229,0.9029430150985718,-0.42033527094881407,0.9662407210176539,-0.3403460681438446,0.9010416865348816,0.8613245676112986,0.9998669322576759,0.8920167684555054,0.910973846912384,0.25425377552945166,1.0800133211706213,0.2616589367389679,1.1030423641204834
1777391758.7690861,-0.9327151775360107,0.9023041725158691,-0.42491363670528665,0.9588427246160386,-0.33832722902297974,0.9094327688217163,0.8621580681493882,0.9984488091328485,0.8917853236198425,0.9109752774238586,0.2540574521105312,1.0783050935351166,0.26473933458328247,1.1007802486419678
1777391758.971331,-0.9331832528114319,0.9025527238845825,-0.4197504574494502,0.958008626727303,-0.34026432037353516,0.9023692607879639,0.8585194896625867,1.0040189937252513,0.8881862759590149,0.9223082661628723,0.2539818001178133,1.0779587553584586,0.26201164722442627,1.1030102968215942
1777391759.175585,-0.9320889711380005,0.9044461846351624,-0.4244633368711716,0.958944412318863,-0.34073150157928467,0.8959996104240417,0.8548229785465353,1.0087728600991503,0.8889262080192566,0.9212896823883057,0.2540878731044808,1.0792697696454205,0.2604949474334717,1.1035517454147339
1777391759.3742256,-0.9324939250946045,0.9035602807998657,-0.41996003600493764,0.9583420766430354,-0.33993300795555115,0.9032729864120483,0.8574316286427301,1.0054158443544123,0.8888874650001526,0.9212151169776917,0.2540115570359636,1.078362130646223,0.2631988227367401,1.1014118194580078
1777391759.5770876,-0.9325956106185913,0.9034681916236877,-0.41565148996083734,0.9596653778128406,-0.3396137058734894,0.9061413407325745,0.8563834369552308,1.0067485883375862,0.8887357711791992,0.9216254949569702,0.25387282001384953,1.0774361334912912,0.26199328899383545,1.1017323732376099
1777391759.7758904,-0.9337409734725952,0.9026572704315186,-0.4203570256346549,0.955051346319756,-0.33994030952453613,0.9021506309509277,0.8568231776078921,1.0061929402417542,0.8889893889427185,0.921170175075531,0.25383870690447335,1.0771853188500375,0.25997912883758545,1.1016905307769775
1777391759.9811535,-0.9339872598648071,0.9028620719909668,-0.42608157450738965,0.9530659010634711,-0.33956360816955566,0.9026983976364136,0.8571652985026176,1.0057536988538573,0.8892375826835632,0.9204452037811279,0.253844997073344,1.0773370245831457,0.26163896918296814,1.1017924547195435
1777391760.176128,-0.931894838809967,0.905134379863739,-0.4300333294964595,0.9604620669220588,-0.33849433064460754,0.9068806767463684,0.8573040513424652,1.005573075735102,0.8893899917602539,0.9199336171150208,0.2538488719588209,1.077362088115729,0.2614811062812805,1.1017853021621704
1777391760.3784251,-0.9315047860145569,0.9057102799415588,-0.42868999262293767,0.9614466075887113,-0.33909618854522705,0.9007288813591003,0.8584963397825602,1.003936925200272,0.8910309076309204,0.9152851104736328,0.25384039201993974,1.0772612570894327,0.2597038745880127,1.1013157367706299
1777391760.582105,-0.931898295879364,0.9050842523574829,-0.4220436557188268,0.9584831025303703,-0.33922699093818665,0.8897874355316162,0.859628945445483,1.0022894288943878,0.8908442258834839,0.9156091809272766,0.2538435222463589,1.0773624211089956,0.2628106474876404,1.1015198230743408
1777391760.7791054,-0.9329087734222412,0.9038525223731995,-0.4169733683141731,0.9528472746548831,-0.339245080947876,0.8950761556625366,0.8582638788334986,1.0042066170960726,0.8896768093109131,0.9187328815460205,0.2537798550299646,1.077039710578898,0.2647581696510315,1.1003721952438354
1777391760.9784825,-0.933873176574707,0.9033470153808594,-0.4128163074676905,0.9543591022535393,-0.33924785256385803,0.8960318565368652,0.8586191309865951,1.003682880932451,0.8912385702133179,0.9143233299255371,0.2538128158151014,1.0773419043261325,0.26172763109207153,1.1021592617034912
1777391761.1786637,-0.9344367384910583,0.9032962322235107,-0.4094465735438061,0.954251118211769,-0.3386518955230713,0.8892487287521362,0.8609399063415273,1.0000608724833673,0.8918220400810242,0.9116904139518738,0.25381923316634225,1.0774175539518385,0.26204144954681396,1.1015901565551758
1777391761.3781857,-0.9349502325057983,0.903319776058197,-0.40405070358616674,0.9527906621035548,-0.33933836221694946,0.8936575651168823,0.8605108705541193,1.000747736285893,0.8909285664558411,0.9145930409431458,0.25373743821940753,1.0766118171393098,0.2581508755683899,1.1011724472045898
1777391761.5799584,-0.935109555721283,0.9043166637420654,-0.40354250590840196,0.9523833086409652,-0.3385794758796692,0.8967951536178589,0.8589745440512206,1.0030994205775878,0.8904581069946289,0.9158204793930054,0.2537163444571819,1.0771171690925796,0.2580629289150238,1.1014176607131958
1777391761.7803564,-0.9358347654342651,0.9046288132667542,-0.4070351906329447,0.9508512341067468,-0.3378051817417145,0.8913825154304504,0.8594703366135419,1.0023350767102814,0.8906760215759277,0.9147663116455078,0.25371471819109287,1.077167752614303,0.25904572010040283,1.1013344526290894
1777391761.980215,-0.935146152973175,0.9044479131698608,-0.3969617779134033,0.9656437425141101,-0.335944801568985,0.8899127840995789,0.856021928485128,1.0071791329999764,0.8856946229934692,0.9275336861610413,0.25371513268031165,1.0771171407953841,0.25903043150901794,1.1013416051864624
1777391762.1844397,-0.9345883727073669,0.9036853313446045,-0.3906909075158359,0.9553755358490519,-0.33466866612434387,0.8909499645233154,0.8540135276436065,1.0094238308990764,0.8891388177871704,0.9202567338943481,0.25371178750387047,1.077142520056495,0.26324164867401123,1.1016039848327637
1777391762.3819206,-0.9371066093444824,0.9022291898727417,-0.38452310997838235,0.9418936707802295,-0.33525487780570984,0.8915619850158691,0.8591647336365016,1.0020998921779203,0.8939179182052612,0.9068276882171631,0.2537581908422152,1.077570053073141,0.2605594992637634,1.103552222251892
1777391762.5823877,-0.9379070997238159,0.9014264345169067,-0.4063670633304898,0.9495594097916285,-0.3378065228462219,0.8939276933670044,0.8633164086099416,0.994652346106363,0.894042432308197,0.9054608345031738,0.2537456212723834,1.0786065984715294,0.2577383816242218,1.103128433227539
1777391762.7841024,-0.9358440637588501,0.9008553624153137,-0.4071011499296055,0.9558431209910854,-0.3387526273727417,0.8943115472793579,0.8573348487520516,1.0041212613984922,0.8897630572319031,0.9180877804756165,0.2537365473111036,1.078758102533103,0.2601356506347656,1.104536533355713
1777391762.983429,-0.9322805404663086,0.9003483057022095,-0.41965005902168245,0.9645128066559664,-0.3377853333950043,0.8934211134910583,0.8559161266835333,1.0059991555618613,0.8909456729888916,0.9154803156852722,0.25374328705149907,1.0787828600689555,0.265796422958374,1.1029117107391357
1777391763.1835515,-0.932623028755188,0.8998534083366394,-0.41665300341313477,0.9548913676556834,-0.336963951587677,0.894446611404419,0.8595478940276557,1.0004230693371403,0.8934920430183411,0.9077275991439819,0.25261974757494826,1.0759116957463146,0.26906177401542664,1.098203182220459
1777391763.383794,-0.9325006008148193,0.9007620811462402,-0.4162369234977483,0.9582790145253962,-0.3355533480644226,0.8948700428009033,0.8612972597764892,0.9973136373267038,0.8933855295181274,0.9051350355148315,0.2527959544641558,1.0764148340538298,0.267518550157547,1.104722023010254
1777391763.590782,-0.9326251745223999,0.9008841514587402,-0.4134216655458002,0.9576551203166308,-0.33588913083076477,0.8940772414207458,0.8610820905913892,0.9977436492004479,0.89281165599823,0.9070134162902832,0.2543341659870293,1.0816826935912345,0.266168475151062,1.104949951171875
1777391763.7856286,-0.9335821270942688,0.9010683298110962,-0.41194727501634515,0.9478897639301429,-0.33925992250442505,0.8939594030380249,0.859262397533056,1.0010748912288159,0.8912745714187622,0.9122813940048218,0.25222654985766035,1.0750574563057544,0.2674387991428375,1.098233699798584
1777391763.9854465,-0.9338661432266235,0.9011195302009583,-0.4415259322776063,0.9486844257361213,-0.3389699459075928,0.893462598323822,0.8580239271466943,1.003164999119086,0.8916633129119873,0.9107443690299988,0.2520107417413891,1.0746514327950425,0.2655506134033203,1.101192831993103
1777391764.1862314,-0.9319005608558655,0.9031205177307129,-0.4454850588496056,0.9714855494628829,-0.33718612790107727,0.8924881219863892,0.8617773227338992,0.9945741186577013,0.8932561278343201,0.8992308378219604,0.25267227629927147,1.0773026931918042,0.26461493968963623,1.10277259349823
1777391764.386991,-0.9302865862846375,0.9096922874450684,-0.4340228654223259,0.9878401823526639,-0.33987075090408325,0.8942120671272278,0.8625573570872203,0.9921400377845047,0.8925350308418274,0.901181161403656,0.2527403411923038,1.0781611837490146,0.26034224033355713,1.105711579322815
1777391764.588117,-0.9292358756065369,0.9020570516586304,-0.43400552352549504,0.9881179444498792,-0.33986544609069824,0.8939659595489502,0.859230240501035,0.9996525765103377,0.8921020030975342,0.9086744785308838,0.25276255637154416,1.0790464797240684,0.26001259684562683,1.1056592464447021
1777391764.9935088,-0.9305848479270935,0.9033971428871155,-0.40878587611830675,1.0018196887044237,-0.3402657210826874,0.8946694731712341,0.8582266297527458,1.0013016695807093,0.890730082988739,0.9136449694633484,0.2519915915468889,1.0748512612993388,0.26569658517837524,1.099944829940796
1777391765.190427,-0.9309320449829102,0.9019995331764221,-0.4179587286255379,0.9716826115503097,-0.34132716059684753,0.8967697024345398,0.8529385422998412,1.008991401536394,0.8890165090560913,0.9198482632637024,0.2521943745671439,1.0760250488849619,0.26227760314941406,1.1040829420089722
1777391765.3937774,-0.9337260723114014,0.8947739005088806,-0.42354048354415025,0.9406701415156641,-0.3415544927120209,0.8987144827842712,0.8535654041643707,1.0081645695796513,0.8891839981079102,0.9194019436836243,0.25232445713240226,1.0771307833835084,0.26265108585357666,1.10342538356781
1777391765.5931175,-0.9323391318321228,0.8971396088600159,-0.4171003764100745,0.9633360077113043,-0.3411707282066345,0.8946943283081055,0.8535348453927081,1.0082049179114723,0.8893074989318848,0.9191910624504089,0.2516324117405446,1.074048209275717,0.2658294141292572,1.0990855693817139
1777391765.794479,-0.9310815930366516,0.9012634754180908,-0.4184212004963893,0.9671196222614952,-0.33965083956718445,0.8966753482818604,0.8556129882369145,1.0053047644733375,0.8920629024505615,0.911973237991333,0.2516160143675187,1.0742105657483356,0.2636423408985138,1.1028419733047485
1777391765.993499,-0.9330961108207703,0.8970804214477539,-0.428111838593688,0.9418181618909057,-0.3391513228416443,0.9023482799530029,0.8602386846695924,0.9972584282526458,0.8935724496841431,0.9044217467308044,0.25214165740869754,1.0780180102463925,0.26102375984191895,1.1058770418167114
1777391766.3952909,-0.9303958415985107,0.9039374589920044,-0.4282467913201457,0.9401333164641608,-0.3385542333126068,0.8965293765068054,0.8526315094267318,1.0087728569625085,0.889968752861023,0.9172113537788391,0.2520085349538668,1.0760739711718936,0.2598012387752533,1.1037954092025757
1777391766.5951893,-0.932067334651947,0.9007448554039001,-0.41680948027747494,0.9218974265232284,-0.33648765087127686,0.900303840637207,0.8579018717144014,1.0005250806162362,0.8935773372650146,0.9065368175506592,0.25201413184604593,1.0756445131757235,0.2541887164115906,1.1022542715072632
1777391766.7982736,-0.9329888820648193,0.8999201059341431,-0.4135329327459843,0.9304973051986478,-0.33669158816337585,0.8932769298553467,0.8578365203416745,1.0005461403520373,0.8917349576950073,0.9120168089866638,0.2522467216951928,1.0748693419612052,0.251756489276886,1.1011853218078613
1777391766.9968004,-0.9340627193450928,0.8997324705123901,-0.4019236916610476,0.9368220070978069,-0.3354443609714508,0.8903833031654358,0.8533026505218022,1.0072842866267935,0.8896549940109253,0.9175570607185364,0.2518176154313424,1.0765869524381553,0.2551106810569763,1.1044187545776367
1777391767.1989286,-0.93353271484375,0.9002705216407776,-0.396603394562291,0.9448875968594304,-0.3372970223426819,0.8945184946060181,0.8493734368543533,1.0121433387076595,0.8856843709945679,0.9272327423095703,0.2517393242118391,1.0770357750232307,0.2551293969154358,1.102857232093811
1777391767.3995218,-0.9308528304100037,0.9007291793823242,-0.3982954204894778,0.9476590811902627,-0.3370138108730316,0.8923965096473694,0.8474151097481798,1.014296202432759,0.8867366909980774,0.9254963397979736,0.25230569662866387,1.0741562866689507,0.25364241003990173,1.1010849475860596
1777391767.6007855,-0.9305351972579956,0.9006621241569519,-0.4022858361379398,0.9487417346291899,-0.33461371064186096,0.888038158416748,0.851711177544993,1.0092141595709005,0.8893576860427856,0.9193061590194702,0.2520854532286581,1.075913549043738,0.2579680383205414,1.1048729419708252
1777391767.7991111,-0.9294810891151428,0.900531530380249,-0.4211838952408053,0.9546729069891667,-0.33320653438568115,0.8886579871177673,0.8556911274290275,1.0036313187384698,0.8924305438995361,0.911196768283844,0.25208183473718415,1.078214454516151,0.26045113801956177,1.106494665145874
1777391768.0012038,-0.9287508130073547,0.901391863822937,-0.42912491103732087,0.9647544729534177,-0.3348652422428131,0.8913621306419373,0.8558702593312852,1.0033250151385147,0.89080810546875,0.9147444367408752,0.2520331011785206,1.0769753851648927,0.2603040933609009,1.1052188873291016
1777391768.2014668,-0.9265168905258179,0.9072223901748657,-0.42591150767420044,0.9718301140609866,-0.33742743730545044,0.8928391933441162,0.8525043698015011,1.007916945251304,0.8890553712844849,0.9188627600669861,0.2519257229837232,1.074903066767406,0.2609254717826843,1.1033991575241089
1777391768.4044898,-0.9265419840812683,0.9061830043792725,-0.42908199738715724,0.9576051590748332,-0.3373348116874695,0.8932349681854248,0.8526399573709049,1.0077339258336704,0.8895859718322754,0.9169533252716064,0.25188863024238134,1.0743729169701435,0.2610536217689514,1.1032429933547974
1777391768.6055417,-0.9275296330451965,0.9027524590492249,-0.42799087392900487,0.9488483227864235,-0.3359631597995758,0.8926165103912354,0.8539327306842219,1.0057983220004392,0.8909276723861694,0.9101598262786865,0.2518867373305694,1.0743476807911074,0.2610782980918884,1.1032016277313232
1777391768.8027706,-0.9269863367080688,0.9071894288063049,-0.4227424520917961,0.9542531948102992,-0.33796149492263794,0.8947802186012268,0.8567741300557775,1.0006624015506154,0.8911164999008179,0.9077163934707642,0.2518867362744982,1.0743476808699843,0.2610522508621216,1.1031246185302734
1777391769.004138,-0.9271314740180969,0.9060231447219849,-0.4266897710013158,0.9479530267337819,-0.3390541970729828,0.8968281745910645,0.8533651973349303,1.0063752803162533,0.8885470032691956,0.9184228181838989,0.2518740872052151,1.0741456284089679,0.2589399814605713,1.1021755933761597
1777391769.2039542,-0.9279766082763672,0.9029420614242554,-0.4226366482565278,0.9482244940401039,-0.3390647768974304,0.8984363079071045,0.8500183598325637,1.0109811934187023,0.8883910179138184,0.9196670651435852,0.25187335071551786,1.0741962364986644,0.2592410743236542,1.1022098064422607
1777391769.405183,-0.9272628426551819,0.9056665301322937,-0.42184697891148004,0.9623660959429579,-0.33858269453048706,0.8922151327133179,0.8531690871594986,1.006453630585609,0.8911374807357788,0.9116325378417969,0.2518753304788096,1.0742214984735154,0.26218080520629883,1.102921485900879
1777391769.6060798,-0.92746901512146,0.9051429629325867,-0.426114178609534,0.9569870856652433,-0.339569628238678,0.8952983617782593,0.856648179809282,1.0003995395656613,0.8924424648284912,0.9056763648986816,0.25178506080999064,1.073569725464726,0.26285916566848755,1.101727843284607
1777391769.807256,-0.9282299280166626,0.9040510654449463,-0.4266677851440672,0.9569184927338071,-0.33934733271598816,0.8986029028892517,0.8557447422742781,1.002011374485802,0.8908092975616455,0.9110279083251953,0.2517228794224876,1.0730675138430061,0.2605973482131958,1.1019725799560547
1777391770.0066745,-0.927509605884552,0.9061161279678345,-0.4321974319414969,0.9617207684508877,-0.33843469619750977,0.8921918869018555,0.8532110963751514,1.0062161900684479,0.8902394771575928,0.9133715629577637,0.2517133429353849,1.0729159796726955,0.2598760724067688,1.1017333269119263
1777391770.2079828,-0.9270132780075073,0.907727837562561,-0.42980099508743996,0.9607987940683909,-0.3397682309150696,0.894567608833313,0.854249908276676,1.004449257545152,0.8907293677330017,0.9095990061759949,0.25171961128913956,1.072992101530465,0.25546279549598694,1.1007288694381714
1777391770.408225,-0.9269115924835205,0.9079599380493164,-0.42919793903289205,0.9585807205718767,-0.33944642543792725,0.9006834030151367,0.8547571303702763,1.0035151819708892,0.8904051780700684,0.9101575016975403,0.2519072825342442,1.0724143475182881,0.2504466474056244,1.1001534461975098
1777391770.6086588,-0.9272021055221558,0.9062216281890869,-0.4483041345922267,0.9566350508362005,-0.33961206674575806,0.8984665870666504,0.8496138143872514,1.0119044927889296,0.888045608997345,0.9201310873031616,0.2514038870815679,1.0741920983155162,0.25302940607070923,1.1041796207427979
1777391770.8096304,-0.9272052645683289,0.9084029793739319,-0.4329717149648361,0.9653313786504853,-0.33964279294013977,0.8925769925117493,0.8425892184512226,1.0202713807114232,0.8857840299606323,0.9266225099563599,0.25070381012033244,1.0798568711811622,0.25921979546546936,1.1101144552230835
1777391771.013085,-0.9279305934906006,0.9122059941291809,-0.4274768157783807,0.9729792050801294,-0.33786365389823914,0.8974982500076294,0.8469380406166969,1.0151687573438934,0.8896574378013611,0.917914092540741,0.25071947073028633,1.0803374389055118,0.2569844126701355,1.108788013458252
1777391771.2118032,-0.926957905292511,0.9016345143318176,-0.4288715689304367,0.9505087098807316,-0.33720797300338745,0.8970036506652832,0.8486543002517282,1.0129449728388418,0.8889492750167847,0.9189763069152832,0.2508646605019806,1.0785488341862028,0.25501424074172974,1.106781005859375
1777391771.6129587,-0.9265585541725159,0.90628981590271,-0.4298956963578541,0.9457609831781939,-0.33771103620529175,0.893146276473999,0.8493957542402951,1.0117226590065753,0.8927385807037354,0.9105731248855591,0.25096155821893185,1.076960101914678,0.25799205899238586,1.1060532331466675
1777391771.8127296,-0.9268925786018372,0.90360027551651,-0.43818970104681143,0.9245596136608377,-0.3373261094093323,0.8981778025627136,0.8520736719459701,1.0077599580099292,0.8910584449768066,0.9127659797668457,0.25102380210214686,1.0750632305683996,0.2587431073188782,1.104734182357788
1777391772.2148957,-0.9279762506484985,0.9107518196105957,-0.43885724450594255,0.9210278214876954,-0.33723825216293335,0.8936240077018738,0.8478630268716325,1.0132332172068756,0.890741765499115,0.9097169637680054,0.25101493802385605,1.0739247855650846,0.25843340158462524,1.1045985221862793
1777391772.415918,-0.927062451839447,0.9061035513877869,-0.41925466548240214,0.897538130630394,-0.3362109661102295,0.8983639478683472,0.8519983454138736,1.0065998073601197,0.8911817073822021,0.9077149629592896,0.2510139226554014,1.0739753873823488,0.2583591639995575,1.1044986248016357
1777391772.616172,-0.9282004833221436,0.9029892086982727,-0.41646619891369635,0.9116668131784554,-0.3356472849845886,0.8914661407470703,0.8479537304309117,1.0128718397699459,0.8879260420799255,0.9171502590179443,0.2510161985678559,1.0740259787560795,0.26215821504592896,1.1051156520843506
1777391772.8165138,-0.9295176267623901,0.901654839515686,-0.41725940819596896,0.9232482460451255,-0.33534544706344604,0.8911049962043762,0.847756958282539,1.0128892737381379,0.891652524471283,0.9045334458351135,0.25098294505470525,1.073698671839853,0.2609003484249115,1.104613184928894
1777391773.0169208,-0.9287814497947693,0.9032780528068542,-0.41351606783744116,0.9412470632244572,-0.3357902765274048,0.8966846466064453,0.8543488456745723,0.9984143786226896,0.8925086855888367,0.8884222507476807,0.2509638465477414,1.0733449770896129,0.25965777039527893,1.104441523551941
1777391773.2190397,-0.9284936189651489,0.903908371925354,-0.4163088043685519,0.9471125453470571,-0.33542779088020325,0.8933744430541992,0.8547137519428711,0.9970710016326034,0.8920232057571411,0.8965598344802856,0.25095898798044236,1.072990714843698,0.2597276568412781,1.1041827201843262
1777391773.4256475,-0.9301132559776306,0.9025304317474365,-0.41938994960221376,0.9449659099134932,-0.3348909616470337,0.8930790424346924,0.8509125078160138,1.0061139008404987,0.891782283782959,0.9032704830169678,0.25095286294124564,1.072661799326452,0.26056185364723206,1.1037312746047974
1777391773.6245782,-0.9292157292366028,0.9034442901611328,-0.4112486040711328,0.9577027060870795,-0.33520352840423584,0.8969876766204834,0.8515991089112915,1.0043138787292312,0.89176344871521,0.8973067998886108,0.25094627861350427,1.0725354354873793,0.2617122232913971,1.1039148569107056
1777391774.0218422,-0.9302621483802795,0.9012543559074402,-0.42014621079905967,0.9475504504104819,-0.33458179235458374,0.8963311314582825,0.8489165367531926,1.0102042047321977,0.8900747299194336,0.9124042987823486,0.2500219012647832,1.0693344457001046,0.26660794019699097,1.099503755569458
1777391774.2250378,-0.929826021194458,0.9017747044563293,-0.413249204712684,0.9562478772967288,-0.33490869402885437,0.8975666761398315,0.8455182360258784,1.0155988195798207,0.890294075012207,0.9121577143669128,0.2508580225146893,1.0725662551969044,0.2638104557991028,1.1044814586639404
1777391774.4233418,-0.9283407926559448,0.9044164419174194,-0.41655074975836165,0.9669431189076241,-0.3340829610824585,0.9003806710243225,0.848131918949173,1.0112661056069598,0.8913298845291138,0.906769871711731,0.2506037388214928,1.0715332253287193,0.2652895748615265,1.101223349571228
1777391774.6312253,-0.9298849105834961,0.9006030559539795,-0.423737431248654,0.9542659600325766,-0.3344971239566803,0.8982399702072144,0.8480009202270788,1.011482988155999,0.89011150598526,0.9096844792366028,0.24947507100387784,1.0680958149598292,0.265662282705307,1.0992600917816162
1777391774.8239756,-0.928695559501648,0.9027672410011292,-0.42388619507951714,0.9528318104632443,-0.3336973786354065,0.8971311450004578,0.8437284872943192,1.018088705836889,0.8856133818626404,0.9243558645248413,0.2505417370275409,1.0731145025554663,0.26216351985931396,1.1078341007232666
1777391775.024306,-0.9275439977645874,0.9067413210868835,-0.42354491388752535,0.9718309749340628,-0.33392977714538574,0.8990926146507263,0.8368050289664034,1.0260459994297197,0.8860926032066345,0.9242163896560669,0.2506105105271806,1.0775869877416944,0.2550320029258728,1.110849380493164
1777391775.2285073,-0.9284396171569824,0.9033792018890381,-0.42926753230617665,0.9622645054428416,-0.33397355675697327,0.8974781036376953,0.8443830080417234,1.016500842907155,0.8913605213165283,0.911455512046814,0.2505753260488366,1.0779145097567446,0.2576974034309387,1.1108243465423584
1777391775.4265811,-0.9288164973258972,0.9041222929954529,-0.42105336329880355,0.9643944493208948,-0.3335529863834381,0.8939623832702637,0.8453074840350965,1.0151093504376938,0.8886592388153076,0.9168157577514648,0.2505474187483604,1.0774103273799893,0.2636299431324005,1.1095070838928223
1777391775.6265254,-0.9281277060508728,0.9070952534675598,-0.4198108315206464,0.9676046939896478,-0.334258109331131,0.8970621228218079,0.8449245130075367,1.0154270280295972,0.8925020694732666,0.9040501117706299,0.2501877261203702,1.075546842287941,0.26347535848617554,1.1077430248260498
1777391775.8314846,-0.9295365214347839,0.9028158187866211,-0.41739987962128655,0.9614979009118432,-0.3344537913799286,0.8955792188644409,0.8502967114116762,1.0052537678999025,0.8928476572036743,0.9000292420387268,0.24999780206422403,1.074194904510437,0.260211706161499,1.1075549125671387
1777391776.027832,-0.9299780130386353,0.902522087097168,-0.4117286148387296,0.9639461347679036,-0.3330695927143097,0.8899895548820496,0.8450037437191089,1.0149830453981084,0.8901932239532471,0.9112316966056824,0.24994128855715725,1.0731082365951525,0.2615712881088257,1.1061811447143555
1777391776.2306461,-0.9297792911529541,0.9036939144134521,-0.40737509954596546,0.9668514503177432,-0.3336718678474426,0.8908963799476624,0.8436247380933735,1.0170445815776257,0.8913975358009338,0.9065733551979065,0.24972427917791384,1.0713758019951594,0.26288020610809326,1.1046916246414185
1777391776.4285004,-0.9310088157653809,0.9029713869094849,-0.42031307591564754,0.9571798248538839,-0.33512866497039795,0.8949748873710632,0.846593703187341,1.011575584230089,0.8911747932434082,0.9034521579742432,0.24960481161079004,1.070472652696503,0.261829137802124,1.1038411855697632
1777391776.6287167,-0.9310991764068604,0.9033381938934326,-0.419363074641699,0.9628932515948572,-0.33507564663887024,0.8921921849250793,0.8443677553408724,1.015808559391897,0.8890708684921265,0.9114552736282349,0.2495839578912779,1.0702712755362338,0.26129284501075745,1.103719711303711
1777391776.832852,-0.9287126660346985,0.9062141180038452,-0.4209703100205819,0.9715226518128024,-0.33424505591392517,0.8878878355026245,0.8425599160562328,1.0188848670170154,0.889406681060791,0.9101361036300659,0.24950639672164743,1.0694651712754735,0.26144421100616455,1.102851390838623
1777391777.0308595,-0.929695725440979,0.9040917158126831,-0.4091432100872595,0.9607704590619153,-0.3355100750923157,0.8943039774894714,0.8441648559145262,1.0159269716764998,0.8898442983627319,0.9077516794204712,0.24945709962287177,1.0685812907213186,0.2578386962413788,1.1016899347305298
1777391777.232507,-0.931220531463623,0.9039201140403748,-0.407881792793514,0.9607204137794804,-0.33480191230773926,0.9008772373199463,0.8429528840448217,1.0182632700678327,0.8887877464294434,0.9109753370285034,0.2494717016400797,1.0684303132537556,0.253764271736145,1.1005809307098389
1777391777.4316902,-0.932202935218811,0.9030629396438599,-0.4200048016698732,0.9571990979132848,-0.3344126045703888,0.9050049781799316,0.8378858417657473,1.0263348374614858,0.8868123292922974,0.9196533560752869,0.24949361265539732,1.068357564395627,0.25124502182006836,1.1009414196014404
1777391777.6325674,-0.9310083389282227,0.9044737815856934,-0.42023948979977294,0.9808026099147618,-0.33689719438552856,0.8930692076683044,0.8363298269182563,1.0283304613705437,0.8875386118888855,0.9185460209846497,0.24863796863711823,1.0725416533666705,0.2558058798313141,1.1070542335510254
1777391777.8336859,-0.9282795190811157,0.9069479703903198,-0.4246148325622971,0.9840968172447075,-0.33712971210479736,0.8805454969406128,0.8389128177899778,1.0247644647691732,0.8889409899711609,0.9150246977806091,0.24857738316711347,1.0767342909694493,0.26115190982818604,1.110060453414917
1777391778.0329416,-0.9278743267059326,0.9062488079071045,-0.42541486085044944,0.9741041828652454,-0.3332984745502472,0.8714445233345032,0.839374225898667,1.0240989323537881,0.8889387845993042,0.9150095582008362,0.24832296466490653,1.075288879100599,0.26280176639556885,1.107399821281433
1777391778.2333834,-0.9280866384506226,0.9023414254188538,-0.42160195428564007,0.9463385684021968,-0.3327382504940033,0.8690865635871887,0.837762800620049,1.0262749348412792,0.8873270153999329,0.9193565845489502,0.2482003050084487,1.0747448744491848,0.25960662961006165,1.109022855758667
1777391778.435366,-0.9294853210449219,0.8992222547531128,-0.42047469125483533,0.9340345570223431,-0.33519604802131653,0.8675968647003174,0.8394968458152581,1.0237507922556526,0.8906434178352356,0.9105420112609863,0.24810025313356018,1.0766861840529016,0.252297043800354,1.1109797954559326
1777391778.635431,-0.9305566549301147,0.899071216583252,-0.42322437482795605,0.9289162649902623,-0.33666205406188965,0.8659695982933044,0.8459661134748921,1.01136656290774,0.8935754299163818,0.8959543704986572,0.24748479267212056,1.0785805514857676,0.2452085167169571,1.110433578491211
